{
  "variants": {
    "face=ceiling,facing=east,powered=false": {
      "model": "minecraft:block/acacia_button",
      "y": 270,
      "x": 180
    },
    "face=ceiling,facing=east,powered=true": {
      "model": "minecraft:block/lightstone_tiles",
      "y": 270,
      "x": 180
    },
    "face=ceiling,facing=north,powered=false": {
      "model": "minecraft:block/acacia_button",
      "y": 180,
      "x": 180
    },
    "face=ceiling,facing=north,powered=true": {
      "model": "minecraft:block/lightstone_tiles",
      "y": 180,
      "x": 180
    },
    "face=ceiling,facing=south,powered=false": {
      "model": "minecraft:block/acacia_button",
      "x": 180
    },
    "face=ceiling,facing=south,powered=true": {
      "model": "minecraft:block/lightstone_tiles",
      "x": 180
    },
    "face=ceiling,facing=west,powered=false": {
      "model": "minecraft:block/acacia_button",
      "y": 90,
      "x": 180
    },
    "face=ceiling,facing=west,powered=true": {
      "model": "minecraft:block/lightstone_tiles",
      "y": 90,
      "x": 180
    },
    "face=floor,facing=east,powered=false": {
      "model": "minecraft:block/acacia_button",
      "y": 90
    },
    "face=floor,facing=east,powered=true": [
      {
      "model": "minecraft:block/lightstone_tiles",
      "y": 90
    },
    {
      "model": "minecraft:block/lightstone_tiles2",
      "y": 90
    },
    {
      "model": "minecraft:block/lightstone_tiles3",
      "y": 90
    }
    ],
    "face=floor,facing=north,powered=false": {
      "model": "minecraft:block/acacia_button"
    },
    "face=floor,facing=north,powered=true": [
      {
      "model": "minecraft:block/lightstone_tiles"
    },
    {
      "model": "minecraft:block/lightstone_tiles2"
    },
    {
      "model": "minecraft:block/lightstone_tiles3"
    }
    ],
    "face=floor,facing=south,powered=false": {
      "model": "minecraft:block/acacia_button",
      "y": 180
    },
    "face=floor,facing=south,powered=true": [
      {
      "model": "minecraft:block/lightstone_tiles",
      "y": 180
    },
    {
      "model": "minecraft:block/lightstone_tiles2",
      "y": 180
    },
    {
      "model": "minecraft:block/lightstone_tiles3",
      "y": 180
    }
    ],
    "face=floor,facing=west,powered=false": {
      "model": "minecraft:block/acacia_button",
      "y": 270
    },
    "face=floor,facing=west,powered=true": [
      {
      "model": "minecraft:block/lightstone_tiles",
      "y": 270
    },
    {
      "model": "minecraft:block/lightstone_tiles2",
      "y": 270
    },
    {
      "model": "minecraft:block/lightstone_tiles3",
      "y": 270
    }
    ],
    "face=wall,facing=east,powered=false": {
      "model": "minecraft:block/acacia_button",
      "y": 90,
      "x": 90
    },
    "face=wall,facing=east,powered=true": [
      {
      "model": "minecraft:block/lightstone_tiles",
      "y": 90,
      "x": 90
    },
    {
      "model": "minecraft:block/lightstone_tiles2",
      "y": 90,
      "x": 90
    },
    {
      "model": "minecraft:block/lightstone_tiles3",
      "y": 90,
      "x": 90
    }
    ],
    "face=wall,facing=north,powered=false": {
      "model": "minecraft:block/acacia_button",
      "x": 90
    },
    "face=wall,facing=north,powered=true": [
      {
      "model": "minecraft:block/lightstone_tiles",
      "x": 90
    },
    {
      "model": "minecraft:block/lightstone_tiles2",
      "x": 90
    },
    {
      "model": "minecraft:block/lightstone_tiles3",
      "x": 90
    }
    ],
    "face=wall,facing=south,powered=false": {
      "model": "minecraft:block/acacia_button",
      "y": 180,
      "x": 90
    },
    "face=wall,facing=south,powered=true": [
      {
      "model": "minecraft:block/lightstone_tiles",
      "y": 180,
      "x": 90
    },
    {
      "model": "minecraft:block/lightstone_tiles2",
      "y": 180,
      "x": 90
    },
    {
      "model": "minecraft:block/lightstone_tiles3",
      "y": 180,
      "x": 90
    }
    ],
    "face=wall,facing=west,powered=false": {
      "model": "minecraft:block/acacia_button",
      "y": 270,
      "x": 90
    },
    "face=wall,facing=west,powered=true": [
      {
      "model": "minecraft:block/lightstone_tiles",
      "y": 270,
      "x": 90
    },
    {
      "model": "minecraft:block/lightstone_tiles2",
      "y": 270,
      "x": 90
    },
    {
      "model": "minecraft:block/lightstone_tiles3",
      "y": 270,
      "x": 90
    }
    ]
  }
}