{
  "variants": {
    "face=wall,facing=east,powered=false": {
      "model": "minecraft:block/birch_button",
      "y": 90,
      "x": 90
    },
    "face=wall,facing=east,powered=true": {
      "model": "minecraft:block/square_decoration",
      "y": 90
    },
    "face=wall,facing=north,powered=false": {
      "model": "minecraft:block/birch_button",
      "x": 90
    },
    "face=wall,facing=north,powered=true": {
      "model": "minecraft:block/square_decoration"
    },
    "face=wall,facing=south,powered=false": {
      "model": "minecraft:block/birch_button",
      "y": 180,
      "x": 90
    },
    "face=wall,facing=south,powered=true": {
      "model": "minecraft:block/square_decoration",
      "y": 180
    },
    "face=wall,facing=west,powered=false": {
      "model": "minecraft:block/birch_button",
      "y": 270,
      "x": 90
    },
    "face=wall,facing=west,powered=true": {
      "model": "minecraft:block/square_decoration",
      "y": 270
    }
  }
}