{
  "variants": {
    "": [
      {
        "model": "minecraft:block/blue_vase"
      },
      {
        "model": "minecraft:block/blue_vase",
        "y": 90
      },
      {
        "model": "minecraft:block/blue_vase",
        "y": 180
      },
      {
        "model": "minecraft:block/blue_vase",
        "y": 270
      },

      {
        "model": "minecraft:block/blue_vase2"
      },
      {
        "model": "minecraft:block/blue_vase2",
        "y": 90
      },
      {
        "model": "minecraft:block/blue_vase2",
        "y": 180
      },
      {
        "model": "minecraft:block/blue_vase2",
        "y": 270
      }
    ]
  }}