{
    "variants": {
      "": [
        {
          "model": "minecraft:block/grass",
          "weight":30
        },
        {
          "model": "minecraft:block/grass",
          "y": 90,
          "weight":30
        },
        {
          "model": "minecraft:block/grass",
          "y": 180,
          "weight":30
        },
        {
          "model": "minecraft:block/grass",
          "y": 270,
          "weight":30
        },
        {
          "model": "minecraft:block/grass2",
          "weight":5
        },
        {
          "model": "minecraft:block/grass2",
          "y": 90,
          "weight":5
        },
        {
          "model": "minecraft:block/grass2",
          "y": 180,
          "weight":5
        },
        {
          "model": "minecraft:block/grass2",
          "y": 270,
          "weight":5
        }

      ]
    }}