{
  "variants": {
    "power=0": {
      "model": "minecraft:block/heavy_weighted_pressure_plate"
    },

    
    "power=1": {
      "model": "minecraft:block/board/board1",
      "y": 0,
      "x": 90
    },
    "power=2": {
      "model": "minecraft:block/board/board2",
      "y": 0,
      "x": 90
    },
    "power=3": {
      "model": "minecraft:block/board/board3",
      "y": 0,
      "x": 90
    },


    "power=4": {
      "model": "minecraft:block/board/board4",
      "y": 0,
      "x": 90
    },
    "power=5": {
      "model": "minecraft:block/board/board5",
      "y": 0,
      "x": 90
    },
    "power=6": {
      "model": "minecraft:block/board/board6",
      "y": 0,
      "x": 90
    },



    "power=7": {
      "model": "minecraft:block/heavy_weighted_pressure_plate_down"
    },
    "power=8": {
      "model": "minecraft:block/heavy_weighted_pressure_plate_down"
    },
    "power=9": {
      "model": "minecraft:block/heavy_weighted_pressure_plate_down"
    }
  }
}