{
    "variants": {

      "facing=north,half=top,open=false": [
        {
          "model": "minecraft:block/iron_bars_floor",
          "weight": 12
        },
        {
          "model": "minecraft:block/iron_bars_floor2",
          "weight": 1
        },
        {
            "model": "minecraft:block/iron_bars_floor3",
            "weight": 1
          }
      ],

      "facing=north,half=bottom,open=false": [
        {
          "model": "minecraft:block/large_rocks1",
          "y": 0
        },
        {
          "model": "minecraft:block/large_rocks1",
          "y": 90
        },
        {
          "model": "minecraft:block/large_rocks1",
          "y": 180
        },
        {
          "model": "minecraft:block/large_rocks1",
          "y": 270
        },
        {
          "model": "minecraft:block/large_rocks2",
          "y": 0
        },
        {
          "model": "minecraft:block/large_rocks2",
          "y": 90
        },
        {
          "model": "minecraft:block/large_rocks2",
          "y": 180
        },
        {
          "model": "minecraft:block/large_rocks2",
          "y": 270
        }
      ],

      "facing=south,half=bottom,open=false": [
        {
          "model": "minecraft:block/platform",
          "y": 0
        },
        {
          "model": "minecraft:block/platform",
          "y": 90
        },
        {
          "model": "minecraft:block/platform",
          "y": 180
        },
        {
          "model": "minecraft:block/platform",
          "y": 270
        }
      ],

      "facing=east,half=top,open=true": [
        {
          "model": "minecraft:block/iron_bars_floor",
          "y": 270,
          "x": 90,
          "weight": 12
        },
        {
          "model": "minecraft:block/iron_bars_floor2",
          "y": 270,
          "x": 90,
          "weight": 1
        },
        {
            "model": "minecraft:block/iron_bars_floor3",
            "y": 270,
            "x": 90,
            "weight": 1
          }
      ],


      "facing=west,half=top,open=true": [
        {
          "model": "minecraft:block/iron_bars_floor",
          "y": 90,
          "x": 90,
          "weight": 12
        },
        {
          "model": "minecraft:block/iron_bars_floor2",
          "y": 90,
          "x": 90,
          "weight": 1
        },
        {
            "model": "minecraft:block/iron_bars_floor3",
            "y": 90,
            "x": 90,
            "weight": 1
          }
      ],


      "facing=north,half=top,open=true": [
        {
          "model": "minecraft:block/iron_bars_floor",
          "y": 180,
          "x": 90,
          "weight": 12
        },
        {
          "model": "minecraft:block/iron_bars_floor2",
          "y": 180,
          "x": 90,
          "weight": 1
        },
        {
            "model": "minecraft:block/iron_bars_floor3",
            "y": 180,
            "x": 90,
            "weight": 1
          }
      ],
      "facing=south,half=top,open=true": [
        {
          "model": "minecraft:block/iron_bars_floor",
          "x": 90,
          "weight": 12
        },
        {
          "model": "minecraft:block/iron_bars_floor2",
          "x": 90,
          "weight": 1
        },
        {
            "model": "minecraft:block/iron_bars_floor3",
            "x": 90,
            "weight": 1
          }
      ],


      "facing=north,half=bottom,open=true": [
        {
          "model": "minecraft:block/sideways_prismarine",
          "y": 180,
          "uvlock": true
        }
      ],
      "facing=south,half=bottom,open=true": [
        {
          "model": "minecraft:block/sideways_prismarine",
          "uvlock": true
        }
      ],
      "facing=west,half=bottom,open=true": [
        {
          "model": "minecraft:block/sideways_prismarine",
          "y": 90,
          "uvlock": true
        }
      ],
      "facing=east,half=bottom,open=true": [
        {
          "model": "minecraft:block/sideways_prismarine",
          "y": 270,
          "uvlock": true
        }
      ]
    }
  }