{
  "multipart": [
    {
      "apply": [
        {
          "model": "minecraft:block/iron_bars_post_ends",
          "weight": 14
        },
        {
          "model": "minecraft:block/iron_bars_post_ends2",
          "weight": 1
        },
        {
          "model": "minecraft:block/iron_bars_post_ends3",
          "weight": 1
        } 
      ]
    },
    {
      "when": {
        "north": "false",
        "west": "false",
        "south": "false",
        "east": "false"
      },
      "apply": {
        "model": "minecraft:block/iron_bars_post"
      }
    },
    {
      "when": {
        "north": "true",
        "west": "false",
        "south": "false",
        "east": "false"
      },
      "apply": {
        "model": "minecraft:block/iron_bars_cap"
      }
    },
    {
      "when": {
        "north": "false",
        "west": "false",
        "south": "false",
        "east": "true"
      },
      "apply": {
        "model": "minecraft:block/iron_bars_cap",
        "y": 90
      }
    },
    {
      "when": {
        "north": "false",
        "west": "false",
        "south": "true",
        "east": "false"
      },
      "apply": {
        "model": "minecraft:block/iron_bars_cap_alt"
      }
    },
    {
      "when": {
        "north": "false",
        "west": "true",
        "south": "false",
        "east": "false"
      },
      "apply": {
        "model": "minecraft:block/iron_bars_cap_alt",
        "y": 90
      }
    },
    {
      "when": {
        "north": "true"
      },
      "apply": {
        "model": "minecraft:block/iron_bars_side"
      }
    },
    {
      "when": {
        "east": "true"
      },
      "apply": {
        "model": "minecraft:block/iron_bars_side",
        "y": 90
      }
    },
    {
      "when": {
        "south": "true"
      },
      "apply": [
        {
          "model": "minecraft:block/iron_bars_side_alt",
          "weight": 10
        },
        {
          "model": "minecraft:block/iron_bars_side_alt2",
          "weight": 1
        }
      ]
    },
    {
      "when": {
        "west": "true"
      },
      "apply": [
        {
          "model": "minecraft:block/iron_bars_side_alt",
          "weight": 10,
          "y": 90
        },
        {
          "model": "minecraft:block/iron_bars_side_alt2",
          "weight": 1,
          "y": 90
        }
      ]
    }
  ]
}