{
  "variants": {
    "face=floor,facing=east,powered=false": {
      "model": "minecraft:block/polished_blackstone_button",
      "y": 90
    },
    "face=floor,facing=east,powered=true": {
      "model": "minecraft:block/big_lever",
      "y": 90
    },
    "face=floor,facing=north,powered=false": {
      "model": "minecraft:block/polished_blackstone_button"
    },
    "face=floor,facing=north,powered=true": {
      "model": "minecraft:block/big_lever"
    },
    "face=floor,facing=south,powered=false": {
      "model": "minecraft:block/polished_blackstone_button",
      "y": 180
    },
    "face=floor,facing=south,powered=true": {
      "model": "minecraft:block/big_lever",
      "y": 180
    },
    "face=floor,facing=west,powered=false": {
      "model": "minecraft:block/polished_blackstone_button",
      "y": 270
    },
    "face=floor,facing=west,powered=true": {
      "model": "minecraft:block/big_lever",
      "y": 270
    },


    "face=ceiling,facing=east,powered=false": {
      "model": "minecraft:block/polished_blackstone_button",
      "y": 90
    },
    "face=ceiling,facing=east,powered=true": {
      "model": "minecraft:block/big_lever_on",
      "y": 90
    },
    "face=ceiling,facing=north,powered=false": {
      "model": "minecraft:block/polished_blackstone_button"
    },
    "face=ceiling,facing=north,powered=true": {
      "model": "minecraft:block/big_lever_on"
    },
    "face=ceiling,facing=south,powered=false": {
      "model": "minecraft:block/polished_blackstone_button",
      "y": 180
    },
    "face=ceiling,facing=south,powered=true": {
      "model": "minecraft:block/big_lever_on",
      "y": 180
    },
    "face=ceiling,facing=west,powered=false": {
      "model": "minecraft:block/polished_blackstone_button",
      "y": 270
    },
    "face=ceiling,facing=west,powered=true": {
      "model": "minecraft:block/big_lever_on",
      "y": 270
    }
  }
}