{
  "variants": {

    "delay=1,facing=east,locked=false,powered=false": {
      "model": "minecraft:block/altar_purple",
      "y": 90
    },
    "delay=1,facing=north,locked=false,powered=false": {
      "model": "minecraft:block/altar_purple"
    },
    "delay=1,facing=south,locked=false,powered=false": {
      "model": "minecraft:block/altar_purple",
      "y": 180
    },
    "delay=1,facing=west,locked=false,powered=false": {
      "model": "minecraft:block/altar_purple",
      "y": 270
    },

    "delay=2,facing=east,locked=false,powered=false": {
      "model": "minecraft:block/altar_blue",
      "y": 90
    },
    "delay=2,facing=north,locked=false,powered=false": {
      "model": "minecraft:block/altar_blue"
    },
    "delay=2,facing=south,locked=false,powered=false": {
      "model": "minecraft:block/altar_blue",
      "y": 180
    },
    "delay=2,facing=west,locked=false,powered=false": {
      "model": "minecraft:block/altar_blue",
      "y": 270
    },

    "delay=3,facing=east,locked=false,powered=false": {
      "model": "minecraft:block/altar_red",
      "y": 90
    },
    "delay=3,facing=north,locked=false,powered=false": {
      "model": "minecraft:block/altar_red"
    },
    "delay=3,facing=south,locked=false,powered=false": {
      "model": "minecraft:block/altar_red",
      "y": 180
    },
    "delay=3,facing=west,locked=false,powered=false": {
      "model": "minecraft:block/altar_red",
      "y": 270
    },

    "delay=4,facing=east,locked=false,powered=false": {
      "model": "minecraft:block/altar_green",
      "y": 90
    },
    "delay=4,facing=north,locked=false,powered=false": {
      "model": "minecraft:block/altar_green"
    },
    "delay=4,facing=south,locked=false,powered=false": {
      "model": "minecraft:block/altar_green",
      "y": 180
    },
    "delay=4,facing=west,locked=false,powered=false": {
      "model": "minecraft:block/altar_green",
      "y": 270
    },

    "delay=1,facing=east,locked=true,powered=false": {
      "model": "minecraft:block/altar_purple",
      "y": 90
    },
    "delay=1,facing=north,locked=true,powered=false": {
      "model": "minecraft:block/altar_purple"
    },
    "delay=1,facing=south,locked=true,powered=false": {
      "model": "minecraft:block/altar_purple",
      "y": 180
    },
    "delay=1,facing=west,locked=true,powered=false": {
      "model": "minecraft:block/altar_purple",
      "y": 270
    },

    "delay=2,facing=east,locked=true,powered=false": {
      "model": "minecraft:block/board/board1",
      "y": 90,
      "x": 90
    },
    "delay=2,facing=north,locked=true,powered=false": {
      "model": "minecraft:block/board/board1",
      "x": 90
    },
    "delay=2,facing=south,locked=true,powered=false": {
      "model": "minecraft:block/board/board1",
      "y": 180,
      "x": 90
    },
    "delay=2,facing=west,locked=true,powered=false": {
      "model": "minecraft:block/board/board1",
      "y": 270,
      "x": 90
    },
    "delay=3,facing=east,locked=true,powered=false": {
      "model": "minecraft:block/board/board2",
      "y": 90,
      "x": 90
    },
    "delay=3,facing=north,locked=true,powered=false": {
      "model": "minecraft:block/board/board2",
      "x": 90
    },
    "delay=3,facing=south,locked=true,powered=false": {
      "model": "minecraft:block/board/board2",
      "y": 180,
      "x": 90
    },
    "delay=3,facing=west,locked=true,powered=false": {
      "model": "minecraft:block/board/board2",
      "y": 270,
      "x": 90
    },
    "delay=4,facing=east,locked=true,powered=false": {
      "model": "minecraft:block/board/board3",
      "y": 90,
      "x": 90
    },
    "delay=4,facing=north,locked=true,powered=false": {
      "model": "minecraft:block/board/board3",
      "x": 90
    },
    "delay=4,facing=south,locked=true,powered=false": {
      "model": "minecraft:block/board/board3",
      "y": 180,
      "x": 90
    },
    "delay=4,facing=west,locked=true,powered=false": {
      "model": "minecraft:block/board/board3",
      "y": 270,
      "x": 90
    },








    "delay=1,facing=east,locked=true,powered=true": {
      "model": "minecraft:block/repeater_1tick_on_locked",
      "y": 270
    },
    "delay=1,facing=north,locked=true,powered=true": {
      "model": "minecraft:block/repeater_1tick_on_locked",
      "y": 180
    },
    "delay=1,facing=south,locked=true,powered=true": {
      "model": "minecraft:block/repeater_1tick_on_locked"
    },
    "delay=1,facing=west,locked=true,powered=true": {
      "model": "minecraft:block/repeater_1tick_on_locked",
      "y": 90
    },
    "delay=2,facing=east,locked=true,powered=true": {
      "model": "minecraft:block/repeater_2tick_on_locked",
      "y": 270
    },
    "delay=2,facing=north,locked=true,powered=true": {
      "model": "minecraft:block/repeater_2tick_on_locked",
      "y": 180
    },
    "delay=2,facing=south,locked=true,powered=true": {
      "model": "minecraft:block/repeater_2tick_on_locked"
    },
    "delay=2,facing=west,locked=true,powered=true": {
      "model": "minecraft:block/repeater_2tick_on_locked",
      "y": 90
    },
    "delay=3,facing=east,locked=false,powered=true": {
      "model": "minecraft:block/repeater_3tick_on",
      "y": 270
    },
    "delay=3,facing=east,locked=true,powered=true": {
      "model": "minecraft:block/repeater_3tick_on_locked",
      "y": 270
    },
    "delay=3,facing=north,locked=false,powered=true": {
      "model": "minecraft:block/repeater_3tick_on",
      "y": 180
    },
    "delay=3,facing=north,locked=true,powered=true": {
      "model": "minecraft:block/repeater_3tick_on_locked",
      "y": 180
    },
    "delay=3,facing=south,locked=false,powered=true": {
      "model": "minecraft:block/repeater_3tick_on"
    },
    "delay=3,facing=south,locked=true,powered=true": {
      "model": "minecraft:block/repeater_3tick_on_locked"
    },
    "delay=3,facing=west,locked=false,powered=true": {
      "model": "minecraft:block/repeater_3tick_on",
      "y": 90
    },
    "delay=3,facing=west,locked=true,powered=true": {
      "model": "minecraft:block/repeater_3tick_on_locked",
      "y": 90
    },
    "delay=4,facing=east,locked=false,powered=true": {
      "model": "minecraft:block/repeater_4tick_on",
      "y": 270
    },
    "delay=4,facing=east,locked=true,powered=true": {
      "model": "minecraft:block/repeater_4tick_on_locked",
      "y": 270
    },
    "delay=4,facing=north,locked=false,powered=true": {
      "model": "minecraft:block/repeater_4tick_on",
      "y": 180
    },
    "delay=4,facing=north,locked=true,powered=true": {
      "model": "minecraft:block/repeater_4tick_on_locked",
      "y": 180
    },
    "delay=4,facing=south,locked=false,powered=true": {
      "model": "minecraft:block/repeater_4tick_on"
    },
    "delay=4,facing=south,locked=true,powered=true": {
      "model": "minecraft:block/repeater_4tick_on_locked"
    },
    "delay=4,facing=west,locked=false,powered=true": {
      "model": "minecraft:block/repeater_4tick_on",
      "y": 90
    },
    "delay=4,facing=west,locked=true,powered=true": {
      "model": "minecraft:block/repeater_4tick_on_locked",
      "y": 90
    }
  }
}