{
	"credit": "Made with Blockbench",
	"texture_size": [64, 64],
	"textures": {
		"1": "custom_mobs/zombie_head_dmg"
	},
	"elements": [
		{
			"from": [3, -1, -4],
			"to": [13, 3, 6],
			"rotation": {"angle": 0, "axis": "y", "origin": [3, 0, -5]},
			"faces": {
				"north": {"uv": [8.75, 1.25, 11.25, 2.25], "texture": "#1"},
				"east": {"uv": [8.75, 7.75, 11.25, 8.75], "texture": "#1"},
				"south": {"uv": [8.75, 8.75, 11.25, 9.75], "texture": "#1"},
				"west": {"uv": [9.25, 3.5, 11.75, 4.5], "texture": "#1"},
				"up": {"uv": [2.5, 5.5, 0, 3], "texture": "#1"},
				"down": {"uv": [5, 3, 2.5, 5.5], "texture": "#1"}
			}
		},
		{
			"from": [9, 3, -4],
			"to": [12, 5, -3],
			"rotation": {"angle": 0, "axis": "y", "origin": [3, 4, -5]},
			"faces": {
				"north": {"uv": [9.75, 7, 10.5, 7.5], "texture": "#1"},
				"east": {"uv": [8, 5.25, 8.25, 5.75], "texture": "#1"},
				"west": {"uv": [8, 5.75, 8.25, 6.25], "texture": "#1"},
				"up": {"uv": [11.25, 7.5, 10.5, 7.25], "texture": "#1"}
			}
		},
		{
			"from": [3, 2.975, -4],
			"to": [6, 3.975, -2],
			"rotation": {"angle": 0, "axis": "y", "origin": [-4, 2.975, -5]},
			"faces": {
				"north": {"uv": [10.75, 7.5, 11.5, 7.75], "texture": "#1"},
				"east": {"uv": [6.25, 8, 6.75, 8.25], "texture": "#1"},
				"south": {"uv": [11, 2.25, 11.75, 2.5], "texture": "#1"},
				"west": {"uv": [6.25, 8.25, 6.75, 8.5], "texture": "#1"},
				"up": {"uv": [6.25, 11, 5.5, 10.5], "texture": "#1"}
			}
		},
		{
			"from": [4.02, -1.98, -0.98],
			"to": [11.98, 4.98, 7.98],
			"rotation": {"angle": 45, "axis": "x", "origin": [8, 1.5, 4]},
			"faces": {
				"east": {"uv": [5, 4.5, 7.25, 6.25], "texture": "#1"},
				"south": {"uv": [7.25, 3.5, 9.25, 5.25], "texture": "#1"},
				"west": {"uv": [0, 5.5, 2.25, 7.25], "texture": "#1"},
				"up": {"uv": [7, 2.25, 5, 0], "texture": "#1"},
				"down": {"uv": [7, 2.25, 5, 4.5], "texture": "#1"}
			}
		},
		{
			"from": [4, 3, -3],
			"to": [12, 10, 6],
			"rotation": {"angle": 0, "axis": "y", "origin": [3, 4, -5]},
			"faces": {
				"north": {"uv": [3, 8, 5, 9.75], "texture": "#1"},
				"east": {"uv": [2.25, 5.5, 4.5, 7.25], "texture": "#1"},
				"south": {"uv": [0, 8.5, 2, 10.25], "texture": "#1"},
				"west": {"uv": [4.5, 6.25, 6.75, 8], "texture": "#1"}
			}
		},
		{
			"name": "eye",
			"from": [5, 4, -2.25],
			"to": [9, 9, -3],
			"rotation": {"angle": 0, "axis": "y", "origin": [1, 4, -14]},
			"faces": {
				"north": {"uv": [10, 2.25, 11, 3.5], "texture": "#1"},
				"east": {"uv": [10.5, 5.75, 10.75, 7], "texture": "#1"},
				"south": {"uv": [10, 9.75, 11, 11], "texture": "#1"},
				"west": {"uv": [10.75, 5.75, 11, 7], "texture": "#1"},
				"up": {"uv": [10.75, 7.75, 9.75, 7.5], "texture": "#1"},
				"down": {"uv": [11.5, 7, 10.5, 7.25], "texture": "#1"}
			}
		},
		{
			"from": [12, 4, -2],
			"to": [15, 13, 5],
			"rotation": {"angle": 0, "axis": "y", "origin": [11, 4, -6]},
			"faces": {
				"north": {"uv": [6.25, 9.75, 7, 12], "texture": "#1"},
				"east": {"uv": [6.75, 6.25, 8.5, 8.5], "texture": "#1"},
				"south": {"uv": [7, 9.75, 7.75, 12], "texture": "#1"},
				"west": {"uv": [7, 0, 8.75, 2.25], "texture": "#1"},
				"up": {"uv": [9.25, 11.5, 8.5, 9.75], "texture": "#1"},
				"down": {"uv": [10, 9.75, 9.25, 11.5], "texture": "#1"}
			}
		},
		{
			"from": [12, 4, -5],
			"to": [15, 9, -2],
			"rotation": {"angle": 0, "axis": "y", "origin": [11, 4, -13]},
			"faces": {
				"north": {"uv": [0, 10.25, 0.75, 11.5], "texture": "#1"},
				"east": {"uv": [0.75, 10.25, 1.5, 11.5], "texture": "#1"},
				"west": {"uv": [1.5, 10.5, 2.25, 11.75], "texture": "#1"},
				"up": {"uv": [3.75, 8, 3, 7.25], "texture": "#1"},
				"down": {"uv": [4.5, 7.25, 3.75, 8], "texture": "#1"}
			}
		},
		{
			"name": "sideeye",
			"from": [13, 5, -4.5],
			"to": [14, 8, -5],
			"rotation": {"angle": 0, "axis": "y", "origin": [11, 4, -16]},
			"faces": {
				"north": {"uv": [4.5, 5.5, 4.75, 6.25], "texture": "#1"},
				"east": {"uv": [4.75, 5.5, 5, 6.25], "texture": "#1"},
				"west": {"uv": [7, 3.5, 7.25, 4.25], "texture": "#1"},
				"up": {"uv": [7.25, 4.5, 7, 4.25], "texture": "#1"},
				"down": {"uv": [8.5, 5.25, 8.25, 5.5], "texture": "#1"}
			}
		},
		{
			"from": [1, 2, -1],
			"to": [4, 12, 4],
			"rotation": {"angle": 0, "axis": "y", "origin": [0, 4, -9]},
			"faces": {
				"north": {"uv": [4, 9.75, 4.75, 12.25], "texture": "#1"},
				"east": {"uv": [5, 8, 6.25, 10.5], "texture": "#1"},
				"south": {"uv": [9.75, 4.5, 10.5, 7], "texture": "#1"},
				"west": {"uv": [8.5, 5.25, 9.75, 7.75], "texture": "#1"},
				"up": {"uv": [3, 11.75, 2.25, 10.5], "texture": "#1"},
				"down": {"uv": [11.25, 4.5, 10.5, 5.75], "texture": "#1"}
			}
		},
		{
			"from": [1, 4, 4],
			"to": [4, 12, 8],
			"rotation": {"angle": 0, "axis": "y", "origin": [0, 4, -4]},
			"faces": {
				"east": {"uv": [2, 8.5, 3, 10.5], "texture": "#1"},
				"south": {"uv": [7.75, 9.75, 8.5, 11.75], "texture": "#1"},
				"west": {"uv": [3, 9.75, 4, 11.75], "texture": "#1"},
				"up": {"uv": [8, 6.25, 7.25, 5.25], "texture": "#1"},
				"down": {"uv": [5.5, 10.5, 4.75, 11.5], "texture": "#1"}
			}
		},
		{
			"from": [3, 8, -4],
			"to": [13, 13, 8],
			"rotation": {"angle": 22.5, "axis": "x", "origin": [8, 11.5, 1]},
			"faces": {
				"north": {"uv": [6.25, 8.5, 8.75, 9.75], "texture": "#1"},
				"east": {"uv": [7, 2.25, 10, 3.5], "texture": "#1"},
				"south": {"uv": [8.75, 0, 11.25, 1.25], "texture": "#1"},
				"west": {"uv": [0, 7.25, 3, 8.5], "texture": "#1"},
				"up": {"uv": [2.5, 3, 0, 0], "texture": "#1"},
				"down": {"uv": [5, 0, 2.5, 3], "texture": "#1"}
			}
		}
	],
	"display": {
		"head": {
			"translation": [0, 7, 0],
			"scale": [1.5, 1.5, 1.5]
		}
	}
}