{
	"credit": "Made with Blockbench",
	"texture_size": [32, 32],
	"textures": {
		"1": "custom_mobs/zombie_left_arm_dmg"
	},
	"elements": [
		{
			"from": [6.98, 9.18, 9.98],
			"to": [13.02, 11.22, 18.02],
			"rotation": {"angle": -22.5, "axis": "x", "origin": [1, -0.8, 5]},
			"faces": {
				"north": {"uv": [10.5, 12, 13.5, 13], "texture": "#1"},
				"east": {"uv": [10.5, 5, 14.5, 6], "texture": "#1"},
				"south": {"uv": [4.5, 12.5, 7.5, 13.5], "texture": "#1"},
				"west": {"uv": [11.5, 0, 15.5, 1], "texture": "#1"},
				"up": {"uv": [3, 4, 0, 0], "texture": "#1"},
				"down": {"uv": [6, 0, 3, 4], "texture": "#1"}
			}
		},
		{
			"from": [6, 6, 3],
			"to": [11, 12, 9],
			"rotation": {"angle": 0, "axis": "y", "origin": [1, 0, -2]},
			"faces": {
				"north": {"uv": [0, 8, 2.5, 11], "texture": "#1"},
				"east": {"uv": [5, 4, 8, 7], "texture": "#1"},
				"south": {"uv": [2.5, 8, 5, 11], "texture": "#1"},
				"west": {"uv": [6, 0, 9, 3], "texture": "#1"},
				"up": {"uv": [10.5, 6, 8, 3], "texture": "#1"},
				"down": {"uv": [11.5, 0, 9, 3], "texture": "#1"}
			}
		},
		{
			"from": [11, -8, 8],
			"to": [12, -4, 10],
			"rotation": {"angle": 0, "axis": "y", "origin": [2, -16, 0]},
			"faces": {
				"north": {"uv": [13.5, 14, 14, 16], "texture": "#1"},
				"east": {"uv": [4.5, 13.5, 5.5, 15.5], "texture": "#1"},
				"south": {"uv": [14, 14, 14.5, 16], "texture": "#1"},
				"west": {"uv": [5.5, 13.5, 6.5, 15.5], "texture": "#1"},
				"up": {"uv": [10, 11.5, 9.5, 10.5], "texture": "#1"},
				"down": {"uv": [5, 11, 4.5, 12], "texture": "#1"}
			}
		},
		{
			"from": [9, -7, 4],
			"to": [11, -4, 6],
			"rotation": {"angle": 0, "axis": "y", "origin": [0, -16, -4]},
			"faces": {
				"north": {"uv": [13.5, 3.5, 14.5, 5], "texture": "#1"},
				"east": {"uv": [13.5, 11.5, 14.5, 13], "texture": "#1"},
				"south": {"uv": [14, 1, 15, 2.5], "texture": "#1"},
				"west": {"uv": [12.5, 14, 13.5, 15.5], "texture": "#1"},
				"up": {"uv": [7, 4, 6, 3], "texture": "#1"},
				"down": {"uv": [8, 3, 7, 4], "texture": "#1"}
			}
		},
		{
			"from": [6.98, -5.02, 6.98],
			"to": [9.02, -0.98, 9.02],
			"rotation": {"angle": 0, "axis": "y", "origin": [-3, -16, -1]},
			"faces": {
				"north": {"uv": [6.5, 13.5, 7.5, 15.5], "texture": "#1"},
				"east": {"uv": [1.5, 14, 2.5, 16], "texture": "#1"},
				"south": {"uv": [2.5, 14, 3.5, 16], "texture": "#1"},
				"west": {"uv": [3.5, 14, 4.5, 16], "texture": "#1"},
				"up": {"uv": [9, 7, 8, 6], "texture": "#1"},
				"down": {"uv": [10, 6, 9, 7], "texture": "#1"}
			}
		},
		{
			"from": [8, -4, 4],
			"to": [11, 2, 8],
			"rotation": {"angle": 0, "axis": "y", "origin": [1, -10, -2]},
			"faces": {
				"north": {"uv": [1.5, 11, 3, 14], "texture": "#1"},
				"east": {"uv": [10, 6, 12, 9], "texture": "#1"},
				"south": {"uv": [3, 11, 4.5, 14], "texture": "#1"},
				"west": {"uv": [10, 9, 12, 12], "texture": "#1"},
				"up": {"uv": [14.5, 8, 13, 6], "texture": "#1"},
				"down": {"uv": [14.5, 8, 13, 10], "texture": "#1"}
			}
		},
		{
			"from": [7, -4, 8],
			"to": [12, 4, 10],
			"rotation": {"angle": 0, "axis": "y", "origin": [1, -10, 2]},
			"faces": {
				"north": {"uv": [0, 4, 2.5, 8], "texture": "#1"},
				"east": {"uv": [12, 6, 13, 10], "texture": "#1"},
				"south": {"uv": [2.5, 4, 5, 8], "texture": "#1"},
				"west": {"uv": [9.5, 12, 10.5, 16], "texture": "#1"},
				"up": {"uv": [15, 14, 12.5, 13], "texture": "#1"},
				"down": {"uv": [16, 2.5, 13.5, 3.5], "texture": "#1"}
			}
		},
		{
			"from": [7, 6, 9],
			"to": [12, 13, 12],
			"rotation": {"angle": 0, "axis": "y", "origin": [1, 0, 4]},
			"faces": {
				"north": {"uv": [5, 7, 7.5, 10.5], "texture": "#1"},
				"east": {"uv": [8, 10.5, 9.5, 14], "texture": "#1"},
				"south": {"uv": [7.5, 7, 10, 10.5], "texture": "#1"},
				"west": {"uv": [0, 11, 1.5, 14.5], "texture": "#1"},
				"up": {"uv": [14, 2.5, 11.5, 1], "texture": "#1"},
				"down": {"uv": [14.5, 10, 12, 11.5], "texture": "#1"}
			}
		},
		{
			"from": [8, 2, 5],
			"to": [10, 6, 11],
			"rotation": {"angle": 0, "axis": "y", "origin": [1, -7, 3]},
			"faces": {
				"north": {"uv": [7.5, 14, 8.5, 16], "texture": "#1"},
				"east": {"uv": [10.5, 3, 13.5, 5], "texture": "#1"},
				"south": {"uv": [8.5, 14, 9.5, 16], "texture": "#1"},
				"west": {"uv": [5, 10.5, 8, 12.5], "texture": "#1"},
				"up": {"uv": [11.5, 16, 10.5, 13], "texture": "#1"},
				"down": {"uv": [12.5, 13, 11.5, 16], "texture": "#1"}
			}
		}
	],
	"display": {
		"head": {
			"rotation": [0, 0, 5.25],
			"translation": [0, -10, 0],
			"scale": [1.7, 1.7, 1.7]
		}
	}
}