{
	"credit": "Made with Blockbench",
	"texture_size": [64, 64],
	"textures": {
		"2": "custom_mobs/zombie_left_leg",
		"particle": "custom_mobs/zombie_left_leg"
	},
	"elements": [
		{
			"from": [6.9, 8.85567, 5.09553],
			"to": [12.1, 13.05567, 9.29553],
			"rotation": {"angle": 22.5, "axis": "x", "origin": [9, 10.45567, 7.19553]},
			"faces": {
				"north": {"uv": [3.5, 1.5, 4.75, 2.5], "texture": "#2"},
				"east": {"uv": [6, 6, 7, 7], "texture": "#2"},
				"south": {"uv": [6, 3, 7.25, 4], "texture": "#2"},
				"west": {"uv": [0, 6.25, 1, 7.25], "texture": "#2"},
				"up": {"uv": [7.25, 5, 6, 4], "texture": "#2"},
				"down": {"uv": [7.25, 5, 6, 6], "texture": "#2"}
			}
		},
		{
			"from": [8.5, 12, 4],
			"to": [13.5, 18, 11],
			"rotation": {"angle": 0, "axis": "y", "origin": [0.5, 12, 0]},
			"faces": {
				"north": {"uv": [1.75, 5, 3, 6.5], "texture": "#2"},
				"east": {"uv": [3, 2.5, 4.75, 4], "texture": "#2"},
				"south": {"uv": [3, 5.5, 4.25, 7], "texture": "#2"},
				"west": {"uv": [3.5, 0, 5.25, 1.5], "texture": "#2"},
				"up": {"uv": [6, 4.75, 4.75, 3], "texture": "#2"},
				"down": {"uv": [6, 4.75, 4.75, 6.5], "texture": "#2"}
			}
		},
		{
			"from": [7, -1, 3],
			"to": [14, 4, 4],
			"rotation": {"angle": 0, "axis": "y", "origin": [2, 5, -1]},
			"faces": {
				"north": {"uv": [0, 5, 1.75, 6.25], "texture": "#2"},
				"east": {"uv": [2, 6.5, 2.25, 7.75], "texture": "#2"},
				"south": {"uv": [5.25, 0, 7, 1.25], "texture": "#2"},
				"west": {"uv": [2.25, 6.5, 2.5, 7.75], "texture": "#2"},
				"up": {"uv": [8.25, 3, 6.5, 2.75], "texture": "#2"},
				"down": {"uv": [6, 6.5, 4.25, 6.75], "texture": "#2"}
			}
		},
		{
			"from": [7, -1, 4],
			"to": [14, 9, 10],
			"rotation": {"angle": 0, "axis": "y", "origin": [2, 5, -1]},
			"faces": {
				"north": {"uv": [0, 0, 1.75, 2.5], "texture": "#2"},
				"east": {"uv": [0, 2.5, 1.5, 5], "texture": "#2"},
				"south": {"uv": [1.75, 0, 3.5, 2.5], "texture": "#2"},
				"west": {"uv": [1.5, 2.5, 3, 5], "texture": "#2"},
				"up": {"uv": [4.75, 5.5, 3, 4], "texture": "#2"},
				"down": {"uv": [6.5, 1.5, 4.75, 3], "texture": "#2"}
			}
		},
		{
			"from": [12, 9, 4],
			"to": [14, 11, 8],
			"rotation": {"angle": 0, "axis": "y", "origin": [2, 9, -1]},
			"faces": {
				"north": {"uv": [2.5, 6.5, 3, 7], "texture": "#2"},
				"east": {"uv": [1, 6.5, 2, 7], "texture": "#2"},
				"south": {"uv": [4.25, 6.75, 4.75, 7.25], "texture": "#2"},
				"west": {"uv": [6.5, 1.25, 7.5, 1.75], "texture": "#2"},
				"up": {"uv": [4.75, 6.5, 4.25, 5.5], "texture": "#2"},
				"down": {"uv": [7, 1.75, 6.5, 2.75], "texture": "#2"}
			}
		}
	],
	"display": {
		"head": {
			"translation": [0, -12, 0],
			"scale": [1.7, 1.7, 1.7]
		}
	}
}