{
	"credit": "Made with Blockbench",
	"texture_size": [32, 32],
	"textures": {
		"1": "custom_mobs/zombie_right_arm"
	},
	"elements": [
		{
			"from": [3.07612, 6.75, 3.11732],
			"to": [10.07612, 12.75, 9.11732],
			"rotation": {"angle": 22.5, "axis": "x", "origin": [6.57612, 9, 5.61732]},
			"faces": {
				"north": {"uv": [0, 4, 3.5, 7], "texture": "#1"},
				"east": {"uv": [7, 3, 10, 6], "texture": "#1"},
				"south": {"uv": [3.5, 4, 7, 7], "texture": "#1"},
				"west": {"uv": [3.5, 7, 6.5, 10], "texture": "#1"},
				"up": {"uv": [9.5, 3, 6, 0], "texture": "#1"},
				"down": {"uv": [3.5, 7, 0, 10], "texture": "#1"}
			}
		},
		{
			"from": [4, 3, 6],
			"to": [9, 7, 9],
			"rotation": {"angle": 0, "axis": "y", "origin": [15, -9, 2]},
			"faces": {
				"north": {"uv": [9.5, 0, 12, 2], "texture": "#1"},
				"east": {"uv": [2.5, 11, 4, 13], "texture": "#1"},
				"south": {"uv": [9.5, 9.5, 12, 11.5], "texture": "#1"},
				"west": {"uv": [4, 11.5, 5.5, 13.5], "texture": "#1"},
				"up": {"uv": [12.5, 4.5, 10, 3], "texture": "#1"},
				"down": {"uv": [6.5, 10, 4, 11.5], "texture": "#1"}
			}
		},
		{
			"from": [7, 2, 6],
			"to": [9, 3, 9],
			"rotation": {"angle": 0, "axis": "y", "origin": [15, -13, 2]},
			"faces": {
				"north": {"uv": [12.5, 5.5, 13.5, 6], "texture": "#1"},
				"east": {"uv": [12, 11, 13.5, 11.5], "texture": "#1"},
				"south": {"uv": [10, 12.5, 11, 13], "texture": "#1"},
				"west": {"uv": [12.5, 5, 14, 5.5], "texture": "#1"},
				"up": {"uv": [13, 11, 12, 9.5], "texture": "#1"},
				"down": {"uv": [1, 12.5, 0, 14], "texture": "#1"}
			}
		},
		{
			"from": [4, 1, 6],
			"to": [5, 3, 9],
			"rotation": {"angle": 0, "axis": "y", "origin": [15, -13, 2]},
			"faces": {
				"north": {"uv": [6.5, 8.5, 7, 9.5], "texture": "#1"},
				"east": {"uv": [1, 12.5, 2.5, 13.5], "texture": "#1"},
				"south": {"uv": [11, 12.5, 11.5, 13.5], "texture": "#1"},
				"west": {"uv": [12.5, 3, 14, 4], "texture": "#1"},
				"up": {"uv": [7, 8.5, 6.5, 7], "texture": "#1"},
				"down": {"uv": [10, 12.5, 9.5, 14], "texture": "#1"}
			}
		},
		{
			"from": [4, 6, 9],
			"to": [9, 13, 12],
			"rotation": {"angle": 0, "axis": "y", "origin": [15, 0, 4]},
			"faces": {
				"north": {"uv": [7, 6, 9.5, 9.5], "texture": "#1"},
				"east": {"uv": [6.5, 9.5, 8, 13], "texture": "#1"},
				"south": {"uv": [9.5, 6, 12, 9.5], "texture": "#1"},
				"west": {"uv": [8, 9.5, 9.5, 13], "texture": "#1"},
				"up": {"uv": [12.5, 6, 10, 4.5], "texture": "#1"},
				"down": {"uv": [2.5, 11, 0, 12.5], "texture": "#1"}
			}
		},
		{
			"from": [6, 5, 5],
			"to": [8, 7, 10],
			"rotation": {"angle": 0, "axis": "y", "origin": [15, -7, 3]},
			"faces": {
				"north": {"uv": [6, 3, 7, 4], "texture": "#1"},
				"east": {"uv": [12, 1, 14.5, 2], "texture": "#1"},
				"south": {"uv": [12.5, 4, 13.5, 5], "texture": "#1"},
				"west": {"uv": [12, 6, 14.5, 7], "texture": "#1"},
				"up": {"uv": [6.5, 14, 5.5, 11.5], "texture": "#1"},
				"down": {"uv": [13, 7, 12, 9.5], "texture": "#1"}
			}
		},
		{
			"from": [3.005, 9.18, 9.98],
			"to": [9.045, 11.22, 18.02],
			"rotation": {"angle": -22.5, "axis": "x", "origin": [15, -0.8, 5]},
			"faces": {
				"north": {"uv": [9.5, 11.5, 12.5, 12.5], "texture": "#1"},
				"east": {"uv": [9.5, 2, 13.5, 3], "texture": "#1"},
				"south": {"uv": [12, 0, 15, 1], "texture": "#1"},
				"west": {"uv": [0, 10, 4, 11], "texture": "#1"},
				"up": {"uv": [3, 4, 0, 0], "texture": "#1"},
				"down": {"uv": [6, 0, 3, 4], "texture": "#1"}
			}
		}
	],
	"display": {
		"head": {
			"rotation": [-17, 0, 0],
			"translation": [0, -10, 0],
			"scale": [1.7, 1.7, 1.7]
		}
	}
}