{
	"credit": "Made with Blockbench",
	"texture_size": [64, 64],
	"textures": {
		"2": "entity/loot_chest",
		"particle": "entity/loot_chest"
	},
	"elements": [
		{
			"from": [1.5, 2, 4],
			"to": [3.5, 8, 6],
			"rotation": {"angle": 0, "axis": "y", "origin": [0.5, 0, 0]},
			"faces": {
				"north": {"uv": [1.25, 6.75, 1.75, 8.25], "texture": "#2"},
				"east": {"uv": [1.75, 7.25, 2.25, 8.75], "texture": "#2"},
				"south": {"uv": [2.25, 7.25, 2.75, 8.75], "texture": "#2"},
				"west": {"uv": [2.75, 7.25, 3.25, 8.75], "texture": "#2"}
			}
		},
		{
			"from": [1.5, 8, 4],
			"to": [3.5, 10, 14],
			"rotation": {"angle": 0, "axis": "y", "origin": [0.5, 0, 0]},
			"faces": {
				"north": {"uv": [3.25, 8.75, 3.75, 9.25], "texture": "#2"},
				"east": {"uv": [6, 3.5, 8.5, 4], "texture": "#2"},
				"south": {"uv": [8.75, 3.5, 9.25, 4], "texture": "#2"},
				"west": {"uv": [4, 6, 6.5, 6.5], "texture": "#2"},
				"up": {"uv": [4.5, 9, 4, 6.5], "texture": "#2"},
				"down": {"uv": [5, 6.5, 4.5, 9], "texture": "#2"}
			}
		},
		{
			"from": [1.6, 5, 7],
			"to": [2.6, 7, 11],
			"rotation": {"angle": -22.5, "axis": "z", "origin": [2, 6, 9]},
			"faces": {
				"north": {"uv": [4.5, 9, 4.75, 9.5], "texture": "#2"},
				"east": {"uv": [8.75, 1.75, 9.75, 2.25], "texture": "#2"},
				"south": {"uv": [4.75, 9, 5, 9.5], "texture": "#2"},
				"west": {"uv": [2.25, 8.75, 3.25, 9.25], "texture": "#2"},
				"up": {"uv": [9, 7, 8.75, 6], "texture": "#2"},
				"down": {"uv": [9, 7, 8.75, 8], "texture": "#2"}
			}
		},
		{
			"from": [13.4, 5, 7],
			"to": [14.4, 7, 11],
			"rotation": {"angle": 22.5, "axis": "z", "origin": [14, 6, 9]},
			"faces": {
				"north": {"uv": [5, 9, 5.25, 9.5], "texture": "#2"},
				"east": {"uv": [8.75, 2.25, 9.75, 2.75], "texture": "#2"},
				"south": {"uv": [5.25, 9, 5.5, 9.5], "texture": "#2"},
				"west": {"uv": [8.75, 2.75, 9.75, 3.25], "texture": "#2"},
				"up": {"uv": [9, 9, 8.75, 8], "texture": "#2"},
				"down": {"uv": [4.25, 9, 4, 10], "texture": "#2"}
			}
		},
		{
			"from": [5.52, 8.02, 3.52],
			"to": [6.48, 9.98, 14.48],
			"rotation": {"angle": 0, "axis": "y", "origin": [1, 0, 0]},
			"faces": {
				"north": {"uv": [1.75, 6.75, 2, 7.25], "texture": "#2"},
				"east": {"uv": [6, 0.5, 8.75, 1], "texture": "#2"},
				"south": {"uv": [7, 7.5, 7.25, 8], "texture": "#2"},
				"west": {"uv": [6, 1, 8.75, 1.5], "texture": "#2"},
				"up": {"uv": [4, 10, 3.75, 7.25], "texture": "#2"},
				"down": {"uv": [1.75, 8.25, 1.5, 11], "texture": "#2"}
			}
		},
		{
			"from": [9.52, 8.02, 3.52],
			"to": [10.48, 9.98, 14.48],
			"faces": {
				"north": {"uv": [1, 7.75, 1.25, 8.25], "texture": "#2"},
				"east": {"uv": [6, 1.5, 8.75, 2], "texture": "#2"},
				"south": {"uv": [4.25, 9, 4.5, 9.5], "texture": "#2"},
				"west": {"uv": [6, 2, 8.75, 2.5], "texture": "#2"},
				"up": {"uv": [8.75, 5.25, 8.5, 2.5], "texture": "#2"},
				"down": {"uv": [8.75, 8, 8.5, 10.75], "texture": "#2"}
			}
		},
		{
			"from": [12.5, 8, 4],
			"to": [14.5, 10, 14],
			"rotation": {"angle": 0, "axis": "y", "origin": [0.5, 0, 0]},
			"faces": {
				"north": {"uv": [8.75, 4, 9.25, 4.5], "texture": "#2"},
				"east": {"uv": [6, 4, 8.5, 4.5], "texture": "#2"},
				"south": {"uv": [8.75, 4.5, 9.25, 5], "texture": "#2"},
				"west": {"uv": [6, 4.5, 8.5, 5], "texture": "#2"},
				"up": {"uv": [5.5, 9, 5, 6.5], "texture": "#2"},
				"down": {"uv": [6, 6.5, 5.5, 9], "texture": "#2"}
			}
		},
		{
			"from": [3.5, 7, 4],
			"to": [12.5, 9, 5],
			"rotation": {"angle": 0, "axis": "y", "origin": [0.5, 0, 0]},
			"faces": {
				"north": {"uv": [6, 5, 8.25, 5.5], "texture": "#2"},
				"up": {"uv": [10.5, 5.5, 8.25, 5.25], "texture": "#2"},
				"down": {"uv": [10.75, 5.5, 8.5, 5.75], "texture": "#2"}
			}
		},
		{
			"from": [5.5, 4, 3],
			"to": [10.5, 8, 5],
			"rotation": {"angle": 0, "axis": "x", "origin": [8.5, 6.75, 3.75]},
			"faces": {
				"north": {"uv": [6, 6.5, 7.25, 7.5], "texture": "#2"},
				"east": {"uv": [8.75, 0.75, 9.25, 1.75], "texture": "#2"},
				"south": {"uv": [0, 6.75, 1.25, 7.75], "texture": "#2"},
				"west": {"uv": [1.75, 8.75, 2.25, 9.75], "texture": "#2"},
				"up": {"uv": [3.25, 5.5, 2, 5], "texture": "#2"},
				"down": {"uv": [8.5, 5.5, 7.25, 6], "texture": "#2"}
			}
		},
		{
			"from": [5.5, 3, 3],
			"to": [10.5, 4, 3],
			"rotation": {"angle": 0, "axis": "x", "origin": [8.5, 3.75, 3.75]},
			"faces": {
				"north": {"uv": [8.75, 3.25, 10, 3.5], "texture": "#2"}
			}
		},
		{
			"from": [3.5, 7, 13],
			"to": [12.5, 9, 14],
			"rotation": {"angle": 0, "axis": "y", "origin": [0.5, 0, 0]},
			"faces": {
				"south": {"uv": [6.5, 6, 8.75, 6.5], "texture": "#2"},
				"up": {"uv": [10.75, 6, 8.5, 5.75], "texture": "#2"},
				"down": {"uv": [11, 0.5, 8.75, 0.75], "texture": "#2"}
			}
		},
		{
			"from": [2.5, 2, 5],
			"to": [13.5, 9, 13],
			"rotation": {"angle": 0, "axis": "y", "origin": [0.5, 0, 0]},
			"faces": {
				"north": {"uv": [3.25, 2, 6, 3.75], "texture": "#2"},
				"east": {"uv": [0, 5, 2, 6.75], "texture": "#2"},
				"south": {"uv": [3.25, 3.75, 6, 5.5], "texture": "#2"},
				"west": {"uv": [2, 5.5, 4, 7.25], "texture": "#2"},
				"up": {"uv": [6, 2, 3.25, 0], "texture": "#2"}
			}
		},
		{
			"from": [1.5, 2, 12],
			"to": [3.5, 8, 14],
			"rotation": {"angle": 0, "axis": "y", "origin": [0.5, 0, 0]},
			"faces": {
				"north": {"uv": [3.25, 7.25, 3.75, 8.75], "texture": "#2"},
				"east": {"uv": [7.25, 6.5, 7.75, 8], "texture": "#2"},
				"south": {"uv": [6, 7.5, 6.5, 9], "texture": "#2"},
				"west": {"uv": [6.5, 7.5, 7, 9], "texture": "#2"}
			}
		},
		{
			"from": [1.5, 0, 4],
			"to": [14.5, 2, 14],
			"rotation": {"angle": 0, "axis": "y", "origin": [0.5, 0, 0]},
			"faces": {
				"north": {"uv": [4, 5.5, 7.25, 6], "texture": "#2"},
				"east": {"uv": [6, 2.5, 8.5, 3], "texture": "#2"},
				"south": {"uv": [6, 0, 9.25, 0.5], "texture": "#2"},
				"west": {"uv": [6, 3, 8.5, 3.5], "texture": "#2"},
				"up": {"uv": [3.25, 2.5, 0, 0], "texture": "#2"},
				"down": {"uv": [3.25, 2.5, 0, 5], "texture": "#2"}
			}
		},
		{
			"from": [12.5, 2, 4],
			"to": [14.5, 8, 6],
			"rotation": {"angle": 0, "axis": "y", "origin": [0.5, 0, 0]},
			"faces": {
				"north": {"uv": [7.5, 8, 8, 9.5], "texture": "#2"},
				"east": {"uv": [8, 8, 8.5, 9.5], "texture": "#2"},
				"south": {"uv": [1, 8.25, 1.5, 9.75], "texture": "#2"},
				"west": {"uv": [8.25, 6.5, 8.75, 8], "texture": "#2"}
			}
		},
		{
			"from": [12.5, 2, 12],
			"to": [14.5, 8, 14],
			"rotation": {"angle": 0, "axis": "y", "origin": [0.5, 0, 0]},
			"faces": {
				"north": {"uv": [0, 7.75, 0.5, 9.25], "texture": "#2"},
				"east": {"uv": [0.5, 7.75, 1, 9.25], "texture": "#2"},
				"south": {"uv": [7.75, 6.5, 8.25, 8], "texture": "#2"},
				"west": {"uv": [7, 8, 7.5, 9.5], "texture": "#2"}
			}
		}
	],
	"display": {
		"head": {
			"rotation": [0, -4, 0],
			"translation": [0, -28.75, 0],
			"scale": [1.75, 1.75, 1.75]
		},
		"fixed": {
			"rotation": [-90, 0, 0],
			"translation": [0, 0, -15],
			"scale": [2, 2, 2]
		}
	}
}