{
	"credit": "Made with Blockbench",
	"texture_size": [32, 32],
	"textures": {
		"0": "block/spawner_fang",
		"particle": "block/spawner_fang"
	},
	"elements": [
		{
			"from": [5, 0, -5],
			"to": [11, 10, -2],
			"rotation": {"angle": -22.5, "axis": "x", "origin": [8, 5, -1.5]},
			"faces": {
				"north": {"uv": [0, 5, 3, 10], "texture": "#0"},
				"east": {"uv": [8, 0, 9.5, 5], "texture": "#0"},
				"south": {"uv": [3, 5, 6, 10], "texture": "#0"},
				"west": {"uv": [6, 9, 7.5, 14], "texture": "#0"},
				"up": {"uv": [12.5, 1.5, 9.5, 0], "texture": "#0"},
				"down": {"uv": [12.5, 1.5, 9.5, 3], "texture": "#0"}
			}
		},
		{
			"from": [4, 6.56001, -5.1],
			"to": [12, 16.56001, -3.1],
			"rotation": {"angle": 22.5, "axis": "x", "origin": [8, 11.56001, -1.5]},
			"faces": {
				"north": {"uv": [0, 0, 4, 5], "texture": "#0"},
				"east": {"uv": [7.5, 9, 8.5, 14], "texture": "#0"},
				"south": {"uv": [4, 0, 8, 5], "texture": "#0"},
				"west": {"uv": [8.5, 9, 9.5, 14], "texture": "#0"},
				"up": {"uv": [13.5, 4, 9.5, 3], "texture": "#0"},
				"down": {"uv": [13.5, 4, 9.5, 5], "texture": "#0"}
			}
		},
		{
			"from": [4, 2.56001, -5.1],
			"to": [12, 6.56001, -3.1],
			"rotation": {"angle": 22.5, "axis": "x", "origin": [8, 11.56001, -1.5]},
			"faces": {
				"north": {"uv": [6, 5, 10, 7], "texture": "#0"},
				"east": {"uv": [4, 10, 5, 12], "texture": "#0"},
				"south": {"uv": [6, 7, 10, 9], "texture": "#0"},
				"west": {"uv": [5, 10, 6, 12], "texture": "#0"},
				"up": {"uv": [13.5, 10, 9.5, 9], "texture": "#0"},
				"down": {"uv": [4, 10, 0, 11], "texture": "#0"}
			}
		}
	],
	"display": {
		"head": {
			"translation": [0, -8, 0],
			"scale": [1.7, 1.7, 1.7]
		}
	}
}