{
	"credit": "Made with Blockbench",
	"texture_size": [64, 64],
	"textures": {
		"1": "custom_mobs/worm_body_dmg"
	},
	"elements": [
		{
			"from": [1, 1, 4],
			"to": [6, 10, 11],
			"rotation": {"angle": 0, "axis": "y", "origin": [0, 0, 16]},
			"faces": {
				"north": {"uv": [4.75, 2.25, 3.5, 4.5], "texture": "#1"},
				"east": {"uv": [1.75, 0, 0, 2.25], "texture": "#1"},
				"south": {"uv": [4.75, 0, 3.5, 2.25], "texture": "#1"},
				"west": {"uv": [3.5, 0, 1.75, 2.25], "texture": "#1"},
				"up": {"uv": [7.5, 5.5, 6.25, 7.25], "texture": "#1"},
				"down": {"uv": [1.25, 8.5, 0, 6.75], "texture": "#1"}
			}
		},
		{
			"from": [6, 5, 4],
			"to": [10, 10, 11],
			"rotation": {"angle": 0, "axis": "y", "origin": [0, 0, 16]},
			"faces": {
				"north": {"uv": [6, 8, 5, 9.25], "texture": "#1"},
				"south": {"uv": [5, 8, 4, 9.25], "texture": "#1"},
				"up": {"uv": [7.25, 7.25, 6.25, 9], "texture": "#1"},
				"down": {"uv": [8.25, 9, 7.25, 7.25], "texture": "#1"}
			}
		},
		{
			"from": [10, 1, 4],
			"to": [15, 10, 11],
			"rotation": {"angle": 0, "axis": "y", "origin": [16, 0, 16]},
			"faces": {
				"north": {"uv": [2.5, 4.5, 1.25, 6.75], "texture": "#1"},
				"east": {"uv": [1.75, 2.25, 0, 4.5], "texture": "#1"},
				"south": {"uv": [1.25, 4.5, 0, 6.75], "texture": "#1"},
				"west": {"uv": [3.5, 2.25, 1.75, 4.5], "texture": "#1"},
				"up": {"uv": [2.5, 6.75, 1.25, 8.5], "texture": "#1"},
				"down": {"uv": [8.5, 4.75, 7.25, 3], "texture": "#1"}
			}
		},
		{
			"from": [12, -3, 4],
			"to": [15, 1, 11],
			"rotation": {"angle": 0, "axis": "y", "origin": [0, 0, 16]},
			"faces": {
				"north": {"uv": [9, 8.75, 8.25, 9.75], "texture": "#1"},
				"east": {"uv": [9.25, 4.75, 7.5, 5.75], "texture": "#1"},
				"south": {"uv": [9.25, 3, 8.5, 4], "texture": "#1"},
				"west": {"uv": [9.25, 5.75, 7.5, 6.75], "texture": "#1"},
				"down": {"uv": [3.25, 9.75, 2.5, 8], "texture": "#1"}
			}
		},
		{
			"from": [1, -3, 4],
			"to": [4, 1, 11],
			"rotation": {"angle": 0, "axis": "y", "origin": [0, 0, 16]},
			"faces": {
				"north": {"uv": [6.75, 9, 6, 10], "texture": "#1"},
				"east": {"uv": [9.5, 0, 7.75, 1], "texture": "#1"},
				"south": {"uv": [9.75, 2, 9, 3], "texture": "#1"},
				"west": {"uv": [9.5, 1, 7.75, 2], "texture": "#1"},
				"down": {"uv": [4, 9.75, 3.25, 8], "texture": "#1"}
			}
		},
		{
			"from": [5, 0, 6],
			"to": [11, 6, 13],
			"rotation": {"angle": 0, "axis": "y", "origin": [0, 0, 16]},
			"faces": {
				"north": {"uv": [7.75, 1.5, 6.25, 3], "texture": "#1"},
				"east": {"uv": [4.25, 4.5, 2.5, 6], "texture": "#1"},
				"south": {"uv": [7.75, 0, 6.25, 1.5], "texture": "#1"},
				"west": {"uv": [6, 4.5, 4.25, 6], "texture": "#1"},
				"up": {"uv": [6.25, 0, 4.75, 1.75], "texture": "#1"},
				"down": {"uv": [6.25, 3.5, 4.75, 1.75], "texture": "#1"}
			}
		}
	],
	"display": {
		"head": {
			"translation": [0, 0.75, 0],
			"scale": [2.433125, 2.433125, 2.433125]
		}
	}
}