{
	"credit": "Made with Blockbench",
	"texture_size": [64, 64],
	"textures": {
		"0": "custom_mobs/worm_head_dmg",
		"particle": "custom_mobs/worm_head_dmg"
	},
	"elements": [
		{
			"from": [2, 1, 3],
			"to": [6, 9, 9],
			"rotation": {"angle": 0, "axis": "y", "origin": [0, 0, 16]},
			"faces": {
				"north": {"uv": [2.25, 8.75, 1.25, 10.75], "texture": "#0"},
				"east": {"uv": [1.5, 4.75, 0, 6.75], "texture": "#0"},
				"south": {"uv": [6.75, 8.5, 5.75, 10.5], "texture": "#0"},
				"west": {"uv": [3, 5.25, 1.5, 7.25], "texture": "#0"},
				"up": {"uv": [5.5, 1.75, 4.5, 3.25], "texture": "#0"},
				"down": {"uv": [9.75, 7.5, 8.75, 6], "texture": "#0"}
			}
		},
		{
			"from": [12, -2, 3],
			"to": [14, 1, 9],
			"rotation": {"angle": 0, "axis": "y", "origin": [0, 0, 16]},
			"faces": {
				"north": {"uv": [4, 11.25, 3.5, 12], "texture": "#0"},
				"east": {"uv": [11.25, 6, 9.75, 6.75], "texture": "#0"},
				"south": {"uv": [3.5, 11.25, 3, 12], "texture": "#0"},
				"west": {"uv": [11.25, 6.75, 9.75, 7.5], "texture": "#0"},
				"down": {"uv": [10.25, 12, 9.75, 10.5], "texture": "#0"}
			}
		},
		{
			"from": [6, 5, 3],
			"to": [10, 9, 9],
			"rotation": {"angle": 0, "axis": "y", "origin": [0, 0, 16]},
			"faces": {
				"north": {"uv": [11.5, 4.75, 10.5, 5.75], "texture": "#0"},
				"south": {"uv": [11.5, 3.75, 10.5, 4.75], "texture": "#0"},
				"up": {"uv": [9.75, 9, 8.75, 10.5], "texture": "#0"},
				"down": {"uv": [7.75, 11, 6.75, 9.5], "texture": "#0"}
			}
		},
		{
			"from": [10, 1, 3],
			"to": [14, 9, 9],
			"rotation": {"angle": 0, "axis": "y", "origin": [16, 0, 16]},
			"faces": {
				"north": {"uv": [3.25, 8.75, 2.25, 10.75], "texture": "#0"},
				"east": {"uv": [4.5, 5.25, 3, 7.25], "texture": "#0"},
				"south": {"uv": [9.75, 2, 8.75, 4], "texture": "#0"},
				"west": {"uv": [6, 5.25, 4.5, 7.25], "texture": "#0"},
				"up": {"uv": [9.75, 7.5, 8.75, 9], "texture": "#0"},
				"down": {"uv": [1, 10.5, 0, 9], "texture": "#0"}
			}
		},
		{
			"from": [5, 0, 5],
			"to": [11, 6, 11],
			"rotation": {"angle": 0, "axis": "y", "origin": [0, 0, 16]},
			"faces": {
				"north": {"uv": [2.75, 7.25, 1.25, 8.75], "texture": "#0"},
				"east": {"uv": [8.5, 2, 7, 3.5], "texture": "#0"},
				"west": {"uv": [4.25, 7.25, 2.75, 8.75], "texture": "#0"},
				"up": {"uv": [8.75, 3.5, 7.25, 5], "texture": "#0"},
				"down": {"uv": [5.75, 8.75, 4.25, 7.25], "texture": "#0"}
			}
		},
		{
			"from": [4, 1, 9],
			"to": [12, 8, 16],
			"rotation": {"angle": 22.5, "axis": "x", "origin": [8, 3.19291, 14.96299]},
			"faces": {
				"north": {"uv": [4.5, 1.75, 2.5, 3.5], "texture": "#0"},
				"east": {"uv": [5.75, 3.5, 4, 5.25], "texture": "#0"},
				"south": {"uv": [4.5, 0, 2.5, 1.75], "texture": "#0"},
				"west": {"uv": [6.25, 0, 4.5, 1.75], "texture": "#0"},
				"up": {"uv": [2, 3, 0, 4.75], "texture": "#0"},
				"down": {"uv": [4, 5.25, 2, 3.5], "texture": "#0"}
			}
		},
		{
			"from": [7, 7.3102, 12.36647],
			"to": [9, 11.3102, 19.36647],
			"rotation": {"angle": 0, "axis": "x", "origin": [8, 11.8102, 15.86647]},
			"faces": {
				"north": {"uv": [11.5, 8.5, 11, 9.5], "texture": "#0"},
				"east": {"uv": [10.5, 0, 8.75, 1], "texture": "#0"},
				"south": {"uv": [11.5, 7.5, 11, 8.5], "texture": "#0"},
				"west": {"uv": [5, 8.75, 3.25, 9.75], "texture": "#0"},
				"up": {"uv": [1, 10.5, 0.5, 12.25], "texture": "#0"},
				"down": {"uv": [11, 9.25, 10.5, 7.5], "texture": "#0"}
			}
		},
		{
			"from": [7, -4.8898, 11.56647],
			"to": [9, -0.8898, 18.56647],
			"rotation": {"angle": 22.5, "axis": "x", "origin": [8, -3.6898, 15.86647]},
			"faces": {
				"north": {"uv": [11.75, 1.5, 11.25, 2.5], "texture": "#0"},
				"east": {"uv": [10.5, 4, 8.75, 5], "texture": "#0"},
				"south": {"uv": [11.5, 9.5, 11, 10.5], "texture": "#0"},
				"west": {"uv": [10.5, 5, 8.75, 6], "texture": "#0"},
				"up": {"uv": [9.25, 10.5, 8.75, 12.25], "texture": "#0"},
				"down": {"uv": [9.75, 12.25, 9.25, 10.5], "texture": "#0"}
			}
		},
		{
			"from": [1.98, 4.8262, 10.67919],
			"to": [4.02, 13.8662, 15.71919],
			"rotation": {"angle": 22.5, "axis": "z", "origin": [3, 8.3462, 13.19919]},
			"faces": {
				"north": {"uv": [8.25, 9.5, 7.75, 11.75], "texture": "#0"},
				"east": {"uv": [7, 1.75, 5.75, 4], "texture": "#0"},
				"south": {"uv": [5.5, 8.75, 5, 11], "texture": "#0"},
				"west": {"uv": [7.25, 4, 6, 6.25], "texture": "#0"},
				"up": {"uv": [5.25, 11, 4.75, 12.25], "texture": "#0"},
				"down": {"uv": [7, 12.25, 6.5, 11], "texture": "#0"}
			}
		},
		{
			"from": [1.98, -7.8662, 10.67919],
			"to": [4.02, 1.1738, 15.71919],
			"rotation": {"angle": -22.5, "axis": "z", "origin": [3, -2.3462, 13.19919]},
			"faces": {
				"north": {"uv": [0.5, 10.5, 0, 12.75], "texture": "#0"},
				"east": {"uv": [7.25, 6.25, 6, 8.5], "texture": "#0"},
				"south": {"uv": [8.75, 9.5, 8.25, 11.75], "texture": "#0"},
				"west": {"uv": [1.25, 6.75, 0, 9], "texture": "#0"},
				"down": {"uv": [7.5, 12.25, 7, 11], "texture": "#0"}
			}
		},
		{
			"from": [11.98, 4.8262, 10.67919],
			"to": [14.02, 13.8662, 15.71919],
			"rotation": {"angle": -22.5, "axis": "z", "origin": [13, 8.3462, 13.19919]},
			"faces": {
				"north": {"uv": [7.75, 9.5, 8.25, 11.75], "texture": "#0"},
				"east": {"uv": [6, 4, 7.25, 6.25], "texture": "#0"},
				"south": {"uv": [5, 8.75, 5.5, 11], "texture": "#0"},
				"west": {"uv": [5.75, 1.75, 7, 4], "texture": "#0"},
				"up": {"uv": [4.75, 11, 5.25, 12.25], "texture": "#0"},
				"down": {"uv": [6.5, 12.25, 7, 11], "texture": "#0"}
			}
		},
		{
			"from": [11.98, -7.8662, 10.67919],
			"to": [14.02, 1.1738, 15.71919],
			"rotation": {"angle": 22.5, "axis": "z", "origin": [13, -2.3462, 13.19919]},
			"faces": {
				"north": {"uv": [0, 10.5, 0.5, 12.75], "texture": "#0"},
				"east": {"uv": [0, 6.75, 1.25, 9], "texture": "#0"},
				"south": {"uv": [8.25, 9.5, 8.75, 11.75], "texture": "#0"},
				"west": {"uv": [6, 6.25, 7.25, 8.5], "texture": "#0"},
				"down": {"uv": [7, 12.25, 7.5, 11], "texture": "#0"}
			}
		},
		{
			"from": [3, -1.1538, 10.69919],
			"to": [13, 2.8462, 16.69919],
			"rotation": {"angle": 0, "axis": "x", "origin": [8, 3.19291, 14.96299]},
			"faces": {
				"north": {"uv": [9.5, 1, 7, 2], "texture": "#0"},
				"east": {"uv": [11, 1, 9.5, 2], "texture": "#0"},
				"south": {"uv": [8.75, 0, 6.25, 1], "texture": "#0"},
				"west": {"uv": [11.25, 2, 9.75, 3], "texture": "#0"},
				"up": {"uv": [2.5, 0, 0, 1.5], "texture": "#0"},
				"down": {"uv": [2.5, 3, 0, 1.5], "texture": "#0"}
			}
		},
		{
			"from": [3, 2.8462, 13.69919],
			"to": [4, 4.8462, 16.69919],
			"rotation": {"angle": 0, "axis": "x", "origin": [8, 3.19291, 14.96299]},
			"faces": {
				"north": {"uv": [2.5, 3, 2.25, 3.5], "texture": "#0"},
				"east": {"uv": [12, 3.25, 11.25, 3.75], "texture": "#0"},
				"south": {"uv": [2.25, 3, 2, 3.5], "texture": "#0"},
				"west": {"uv": [4.75, 11.25, 4, 11.75], "texture": "#0"},
				"up": {"uv": [5.75, 2.75, 5.5, 3.5], "texture": "#0"}
			}
		},
		{
			"from": [1, 0.8462, 7.69919],
			"to": [3, 6.8462, 13.69919],
			"rotation": {"angle": 22.5, "axis": "y", "origin": [-0.5, 3.8462, 11.19919]},
			"faces": {
				"north": {"uv": [2, 10.75, 1.5, 12.25], "texture": "#0"},
				"east": {"uv": [8.75, 6.5, 7.25, 8], "texture": "#0"},
				"south": {"uv": [1.5, 10.75, 1, 12.25], "texture": "#0"},
				"west": {"uv": [8.75, 8, 7.25, 9.5], "texture": "#0"},
				"up": {"uv": [2.5, 10.75, 2, 12.25], "texture": "#0"},
				"down": {"uv": [3, 12.25, 2.5, 10.75], "texture": "#0"}
			}
		},
		{
			"from": [1, -2.1538, 7.69919],
			"to": [3, 0.8462, 11.69919],
			"rotation": {"angle": 22.5, "axis": "y", "origin": [-0.5, 3.8462, 11.19919]},
			"faces": {
				"north": {"uv": [11.75, 10.5, 11.25, 11.25], "texture": "#0"},
				"east": {"uv": [11.25, 10.75, 10.25, 11.5], "texture": "#0"},
				"south": {"uv": [11.75, 6.75, 11.25, 7.5], "texture": "#0"},
				"west": {"uv": [12, 0.75, 11, 1.5], "texture": "#0"},
				"down": {"uv": [7.25, 9.5, 6.75, 8.5], "texture": "#0"}
			}
		},
		{
			"from": [13, 0.8462, 7.69919],
			"to": [15, 6.8462, 13.69919],
			"rotation": {"angle": -22.5, "axis": "y", "origin": [16.5, 3.8462, 11.19919]},
			"faces": {
				"north": {"uv": [1.5, 10.75, 2, 12.25], "texture": "#0"},
				"east": {"uv": [7.25, 8, 8.75, 9.5], "texture": "#0"},
				"south": {"uv": [1, 10.75, 1.5, 12.25], "texture": "#0"},
				"west": {"uv": [7.25, 6.5, 8.75, 8], "texture": "#0"},
				"up": {"uv": [2, 10.75, 2.5, 12.25], "texture": "#0"},
				"down": {"uv": [2.5, 12.25, 3, 10.75], "texture": "#0"}
			}
		},
		{
			"from": [13, -2.1538, 7.69919],
			"to": [15, 0.8462, 11.69919],
			"rotation": {"angle": -22.5, "axis": "y", "origin": [16.5, 3.8462, 11.19919]},
			"faces": {
				"north": {"uv": [11.25, 10.5, 11.75, 11.25], "texture": "#0"},
				"east": {"uv": [11, 0.75, 12, 1.5], "texture": "#0"},
				"south": {"uv": [11.25, 6.75, 11.75, 7.5], "texture": "#0"},
				"west": {"uv": [10.25, 10.75, 11.25, 11.5], "texture": "#0"},
				"down": {"uv": [6.75, 9.5, 7.25, 8.5], "texture": "#0"}
			}
		},
		{
			"from": [12, 2.8462, 13.69919],
			"to": [13, 4.8462, 16.69919],
			"rotation": {"angle": 0, "axis": "x", "origin": [8, 3.19291, 14.96299]},
			"faces": {
				"north": {"uv": [2, 4.75, 1.75, 5.25], "texture": "#0"},
				"east": {"uv": [12, 5.75, 11.25, 6.25], "texture": "#0"},
				"south": {"uv": [1.75, 4.75, 1.5, 5.25], "texture": "#0"},
				"west": {"uv": [12, 6.25, 11.25, 6.75], "texture": "#0"},
				"up": {"uv": [7, 1, 6.75, 1.75], "texture": "#0"}
			}
		},
		{
			"from": [5, -0.1538, 15.69919],
			"to": [11, 5.8462, 18.69919],
			"rotation": {"angle": 0, "axis": "x", "origin": [8, 3.19291, 14.96299]},
			"faces": {
				"east": {"uv": [10.5, 7.5, 9.75, 9], "texture": "#0"},
				"south": {"uv": [8.75, 5, 7.25, 6.5], "texture": "#0"},
				"west": {"uv": [10.5, 9, 9.75, 10.5], "texture": "#0"},
				"up": {"uv": [12, 0, 10.5, 0.75], "texture": "#0"},
				"down": {"uv": [4.75, 11.25, 3.25, 10.5], "texture": "#0"}
			}
		},
		{
			"name": "eye",
			"from": [6, 0.8462, 18.69919],
			"to": [10, 4.8462, 17.69919],
			"rotation": {"angle": 0, "axis": "x", "origin": [8, 3.19291, 14.96299]},
			"faces": {
				"east": {"uv": [5.75, 1.75, 5.5, 2.75], "texture": "#0"},
				"south": {"uv": [6.5, 10.5, 5.5, 11.5], "texture": "#0"},
				"west": {"uv": [6, 4, 5.75, 5], "texture": "#0"},
				"up": {"uv": [5.5, 3.25, 4.5, 3.5], "texture": "#0"},
				"down": {"uv": [12.25, 11.5, 11.25, 11.25], "texture": "#0"}
			}
		},
		{
			"from": [2, -2, 3],
			"to": [4, 1, 9],
			"rotation": {"angle": 0, "axis": "y", "origin": [0, 0, 16]},
			"faces": {
				"north": {"uv": [11.75, 2.5, 11.25, 3.25], "texture": "#0"},
				"east": {"uv": [11.25, 3, 9.75, 3.75], "texture": "#0"},
				"south": {"uv": [6.75, 1, 6.25, 1.75], "texture": "#0"},
				"west": {"uv": [4.75, 9.75, 3.25, 10.5], "texture": "#0"},
				"down": {"uv": [11, 10.75, 10.5, 9.25], "texture": "#0"}
			}
		}
	],
	"display": {
		"head": {
			"translation": [0, 0.75, 0],
			"scale": [2.433125, 2.433125, 2.433125]
		}
	}
}