{
	"credit": "Made with Blockbench",
	"texture_size": [64, 64],
	"textures": {
		"2": "custom_mobs/worm_body2_dmg",
		"particle": "custom_mobs/worm_body2_dmg"
	},
	"elements": [
		{
			"from": [3, 1, 4],
			"to": [6, 8, 11],
			"rotation": {"angle": 0, "axis": "y", "origin": [0, 0, 16]},
			"faces": {
				"north": {"uv": [6, 0, 5.25, 1.75], "texture": "#2"},
				"east": {"uv": [5, 6.25, 4.75, 6.5], "texture": "#2"},
				"south": {"uv": [5.25, 4.75, 4.5, 6.5], "texture": "#2"},
				"west": {"uv": [3.5, 0, 1.75, 2], "texture": "#2"},
				"up": {"uv": [6.25, 4, 5.5, 5.75], "texture": "#2"},
				"down": {"uv": [1, 7.5, 0.25, 5.75], "texture": "#2"}
			}
		},
		{
			"from": [6, 5, 4],
			"to": [10, 8, 11],
			"rotation": {"angle": 0, "axis": "y", "origin": [0, 0, 16]},
			"faces": {
				"north": {"uv": [7.5, 6.25, 6.5, 7], "texture": "#2"},
				"south": {"uv": [7.5, 5.25, 6.5, 6], "texture": "#2"},
				"up": {"uv": [6.5, 5.75, 5.5, 7.5], "texture": "#2"},
				"down": {"uv": [4.75, 6.5, 5, 6.25], "texture": "#2"}
			}
		},
		{
			"from": [10, 1, 4],
			"to": [13, 8, 11],
			"rotation": {"angle": 0, "axis": "y", "origin": [16, 0, 16]},
			"faces": {
				"north": {"uv": [2.5, 5.5, 1.75, 7.25], "texture": "#2"},
				"east": {"uv": [1.75, 2, 0, 3.75], "texture": "#2"},
				"south": {"uv": [6, 2, 5.25, 3.75], "texture": "#2"},
				"west": {"uv": [5, 6.25, 4.75, 6.5], "texture": "#2"},
				"up": {"uv": [7, 1.75, 6.25, 3.5], "texture": "#2"},
				"down": {"uv": [3.25, 8, 2.5, 6.25], "texture": "#2"}
			}
		},
		{
			"from": [5, 0, 6],
			"to": [11, 6, 13],
			"rotation": {"angle": 0, "axis": "y", "origin": [0, 0, 16]},
			"faces": {
				"north": {"uv": [4.5, 4.75, 3, 6.25], "texture": "#2"},
				"east": {"uv": [5.25, 0, 3.5, 1.5], "texture": "#2"},
				"south": {"uv": [3, 4, 1.5, 5.5], "texture": "#2"},
				"west": {"uv": [5.25, 1.5, 3.5, 3], "texture": "#2"},
				"up": {"uv": [5, 3, 3.5, 4.75], "texture": "#2"},
				"down": {"uv": [1.5, 5.75, 0, 4], "texture": "#2"}
			}
		}
	],
	"display": {
		"head": {
			"translation": [0, 0.75, 0],
			"scale": [2.433125, 2.433125, 2.433125]
		}
	}
}