{
    "game.brute_death": {"sounds": [{"name": "game/brute_death", "stream": false}], "category":"master"},
    "game.death_worm": {"sounds": [{"name": "game/death_worm", "stream": false}], "category":"master"},
    "game.death_zombie": {"sounds": [{"name": "game/death_zombie", "stream": false}], "category":"master"},
    "game.explosion": {"sounds": [{"name": "game/explosion", "stream": false}], "category":"master"},
    "game.fail": {"sounds": [{"name": "game/fail", "stream": false}], "category":"master"},
    "game.hit_blocked": {"sounds": [{"name": "game/hit_blocked", "stream": false}], "category":"master"},
    "game.hit_worm": {"sounds": [{"name": "game/hit_worm", "stream": false}], "category":"master"},
    "game.magic_push": {"sounds": [{"name": "game/magic_push", "stream": false}], "category":"master"},
    "game.rock_damage": {"sounds": [{"name": "game/rock_damage", "stream": false}], "category":"master"},
    "game.rock_damage2": {"sounds": [{"name": "game/rock_damage2", "stream": false}], "category":"master"},
    "game.rock_damage3": {"sounds": [{"name": "game/rock_damage3", "stream": false}], "category":"master"},
    "game.rock_impact1": {"sounds": [{"name": "game/rock_impact1", "stream": false}], "category":"master"},
    "game.rock_impact2": {"sounds": [{"name": "game/rock_impact2", "stream": false}], "category":"master"},
    "game.rock_impact3": {"sounds": [{"name": "game/rock_impact3", "stream": false}], "category":"master"},
    "game.rock_impact4": {"sounds": [{"name": "game/rock_impact4", "stream": false}], "category":"master"},
    "game.shield": {"sounds": [{"name": "game/shield", "stream": false}], "category":"master"},
    "game.shoot1": {"sounds": [{"name": "game/shoot1", "stream": false}], "category":"master"},
    "game.small_mob_angry": {"sounds": [{"name": "game/small_mob_angry", "stream": false}], "category":"master"},
    "game.spawner_hit": {"sounds": [{"name": "game/spawner_hit", "stream": false}], "category":"master"},
    "game.spell_launch": {"sounds": [{"name": "game/spell_launch", "stream": false}], "category":"master"},
    "game.splash_death": {"sounds": [{"name": "game/splash_death", "stream": false}], "category":"master"},
    "game.splash_death2": {"sounds": [{"name": "game/splash_death2", "stream": false}], "category":"master"},
    "game.upgrade_armor": {"sounds": [{"name": "game/upgrade_armor", "stream": false}], "category":"master"},
    "game.upgrade_effect": {"sounds": [{"name": "game/upgrade_effect", "stream": false}], "category":"master"},
    "game.wood_impact": {"sounds": [{"name": "game/wood_impact", "stream": false}], "category":"master"},
    "game.lobby_ambience": {"sounds": [{"name": "game/lobby_ambience", "stream": true}], "category":"master"},
    "game.chest_break": {"sounds": [{"name": "game/chest_break", "stream": false}], "category":"master"},
    "game.event": {"sounds": [{"name": "game/event", "stream": false}], "category":"master"},
    "game.defeat": {"sounds": [{"name": "game/defeat", "stream": false}], "category":"master"},
    "game.tick": {"sounds": [{"name": "game/tick", "stream": false}], "category":"master"}
}