{
	"credit": "Made with Blockbench",
	"texture_size": [64, 64],
	"textures": {
		"0": "custom_mobs/stone_gremling_body",
		"particle": "custom_mobs/stone_gremling_body"
	},
	"elements": [
		{
			"from": [4, 1, 4],
			"to": [12, 9, 12],
			"rotation": {"angle": 0, "axis": "y", "origin": [2, 0, -3]},
			"faces": {
				"north": {"uv": [0, 3, 2, 5], "texture": "#0"},
				"east": {"uv": [2, 3, 4, 5], "texture": "#0"},
				"south": {"uv": [3.25, 0, 5.25, 2], "texture": "#0"},
				"west": {"uv": [4, 2, 6, 4], "texture": "#0"},
				"up": {"uv": [6, 6, 4, 4], "texture": "#0"},
				"down": {"uv": [2, 5, 0, 7], "texture": "#0"}
			}
		},
		{
			"from": [6, 3, 3.5],
			"to": [8, 6, 3],
			"rotation": {"angle": 0, "axis": "y", "origin": [2, 0, -3]},
			"faces": {
				"north": {"uv": [3.25, 2, 3.75, 2.75], "texture": "#0"},
				"east": {"uv": [3.75, 2, 4, 2.75], "texture": "#0"},
				"west": {"uv": [3.75, 5, 4, 5.75], "texture": "#0"},
				"up": {"uv": [3.75, 3, 3.25, 2.75], "texture": "#0"},
				"down": {"uv": [5.75, 1.75, 5.25, 2], "texture": "#0"}
			}
		},
		{
			"from": [9, 3, 3.5],
			"to": [10, 5, 3],
			"rotation": {"angle": 0, "axis": "y", "origin": [2, 0, -3]},
			"faces": {
				"north": {"uv": [6.5, 5.25, 6.75, 5.75], "texture": "#0"},
				"east": {"uv": [1.75, 7, 2, 7.5], "texture": "#0"},
				"west": {"uv": [7.5, 4.5, 7.75, 5], "texture": "#0"},
				"up": {"uv": [4, 3, 3.75, 2.75], "texture": "#0"},
				"down": {"uv": [6, 1.75, 5.75, 2], "texture": "#0"}
			}
		},
		{
			"from": [5, 2, 3],
			"to": [11, 7, 4],
			"rotation": {"angle": 0, "axis": "y", "origin": [2, 0, -3]},
			"faces": {
				"north": {"uv": [6.75, 5.25, 8.25, 6.5], "texture": "#0"},
				"east": {"uv": [3.5, 6.75, 3.75, 8], "texture": "#0"},
				"south": {"uv": [6.75, 6.5, 8.25, 7.75], "texture": "#0"},
				"west": {"uv": [1.5, 7, 1.75, 8.25], "texture": "#0"},
				"up": {"uv": [9, 4.25, 7.5, 4], "texture": "#0"},
				"down": {"uv": [9, 4.25, 7.5, 4.5], "texture": "#0"}
			}
		},
		{
			"from": [3, 7, 2],
			"to": [9, 10, 6],
			"rotation": {"angle": 0, "axis": "y", "origin": [2, 0, -3]},
			"faces": {
				"north": {"uv": [7, 1, 8.5, 1.75], "texture": "#0"},
				"east": {"uv": [7.5, 2.5, 8.5, 3.25], "texture": "#0"},
				"south": {"uv": [7.5, 1.75, 9, 2.5], "texture": "#0"},
				"west": {"uv": [7.5, 3.25, 8.5, 4], "texture": "#0"},
				"up": {"uv": [1.5, 8, 0, 7], "texture": "#0"},
				"down": {"uv": [8.5, 0, 7, 1], "texture": "#0"}
			}
		},
		{
			"from": [2.75, 4.75, 1.75],
			"to": [9.25, 10.25, 6.25],
			"rotation": {"angle": 0, "axis": "y", "origin": [2, 0, -3]},
			"faces": {
				"north": {"uv": [8.5, 0, 10, 1.25], "texture": "#0"},
				"west": {"uv": [8.25, 4.5, 9.25, 5.75], "texture": "#0"},
				"up": {"uv": [1.5, 9, 0, 8], "texture": "#0"}
			}
		},
		{
			"from": [7, 4, 6],
			"to": [13, 11, 13],
			"rotation": {"angle": 0, "axis": "y", "origin": [2, 0, -3]},
			"faces": {
				"north": {"uv": [6, 1.75, 7.5, 3.5], "texture": "#0"},
				"east": {"uv": [2, 5, 3.75, 6.75], "texture": "#0"},
				"south": {"uv": [6, 3.5, 7.5, 5.25], "texture": "#0"},
				"west": {"uv": [5.25, 0, 7, 1.75], "texture": "#0"},
				"up": {"uv": [5.25, 7.75, 3.75, 6], "texture": "#0"},
				"down": {"uv": [6.75, 6, 5.25, 7.75], "texture": "#0"}
			}
		},
		{
			"from": [6.75, -1.25, 5.75],
			"to": [13.25, 11.25, 13.25],
			"rotation": {"angle": 0, "axis": "y", "origin": [2, 0, -3]},
			"faces": {
				"east": {"uv": [0, 0, 1.75, 3], "texture": "#0"},
				"south": {"uv": [1.75, 0, 3.25, 3], "texture": "#0"},
				"up": {"uv": [3.5, 8.5, 2, 6.75], "texture": "#0"}
			}
		}
	],
	"display": {
		"head": {
			"rotation": [-1, -1, 0],
			"translation": [0, -2, 0],
			"scale": [1.7, 1.7, 1.7]
		}
	}
}