{
	"credit": "Made with Blockbench",
	"parent": "item/crossbow/bow_display",
	"texture_size": [64, 64],
	"textures": {
		"2": "item/basic_bow",
		"particle": "item/basic_bow"
	},
	"elements": [
		{
			"from": [10.6, 6, 7],
			"to": [12.6, 11, 9],
			"rotation": {"angle": 0, "axis": "y", "origin": [1, -1, 0]},
			"faces": {
				"north": {"uv": [2.25, 3, 2.75, 4.25], "texture": "#2"},
				"east": {"uv": [2.25, 4.25, 2.75, 5.5], "texture": "#2"},
				"south": {"uv": [4.25, 3.25, 4.75, 4.5], "texture": "#2"},
				"west": {"uv": [4.25, 4.5, 4.75, 5.75], "texture": "#2"},
				"up": {"uv": [3.75, 6.5, 3.25, 6], "texture": "#2"},
				"down": {"uv": [4.25, 6, 3.75, 6.5], "texture": "#2"}
			}
		},
		{
			"from": [9.3, 10.5, 6.5],
			"to": [13.3, 11.5, 9.5],
			"rotation": {"angle": -22.5, "axis": "z", "origin": [11.9, 10.5, 7.5]},
			"faces": {
				"north": {"uv": [6, 4.75, 7, 5], "texture": "#2"},
				"east": {"uv": [0.75, 6.5, 1.5, 6.75], "texture": "#2"},
				"south": {"uv": [6, 5, 7, 5.25], "texture": "#2"},
				"west": {"uv": [1.5, 6.5, 2.25, 6.75], "texture": "#2"},
				"up": {"uv": [4.25, 3.25, 3.25, 2.5], "texture": "#2"},
				"down": {"uv": [4.25, 3.25, 3.25, 4], "texture": "#2"}
			}
		},
		{
			"from": [5.9, -1.8, 8],
			"to": [6.9, 19.2, 8],
			"rotation": {"angle": 0, "axis": "y", "origin": [6.4, 8.7, 8]},
			"faces": {
				"north": {"uv": [0, 3, 0.25, 8.25], "texture": "#2"},
				"south": {"uv": [0, 3, 0.25, 8.25], "texture": "#2"}
			}
		},
		{
			"from": [9.3, 5.5, 6.5],
			"to": [13.3, 6.5, 9.5],
			"rotation": {"angle": 22.5, "axis": "z", "origin": [11.9, 6.5, 7.5]},
			"faces": {
				"north": {"uv": [5.25, 6.25, 6.25, 6.5], "texture": "#2"},
				"east": {"uv": [6.5, 1.5, 7.25, 1.75], "texture": "#2"},
				"south": {"uv": [6.25, 6.25, 7.25, 6.5], "texture": "#2"},
				"west": {"uv": [6.5, 1.75, 7.25, 2], "texture": "#2"},
				"up": {"uv": [1.25, 4.25, 0.25, 3.5], "texture": "#2"},
				"down": {"uv": [2.25, 3.5, 1.25, 4.25], "texture": "#2"}
			}
		},
		{
			"from": [1.3, 8, 8.5],
			"to": [18.3, 9, 9.5],
			"rotation": {"angle": 0, "axis": "y", "origin": [11, 8.78284, 9]},
			"faces": {
				"north": {"uv": [3.25, 0, 7.5, 0.25], "texture": "#2"},
				"east": {"uv": [2.75, 5, 3, 5.25], "texture": "#2"},
				"south": {"uv": [3.25, 0.25, 7.5, 0.5], "texture": "#2"},
				"west": {"uv": [4, 5.25, 4.25, 5.5], "texture": "#2"},
				"up": {"uv": [7.5, 0.75, 3.25, 0.5], "texture": "#2"},
				"down": {"uv": [7.5, 0.75, 3.25, 1], "texture": "#2"}
			}
		},
		{
			"from": [18.3, 7.08284, 8.8],
			"to": [22.3, 10.08284, 8.8],
			"rotation": {"angle": -45, "axis": "x", "origin": [11, 8.78284, 9]},
			"faces": {
				"north": {"uv": [3.25, 4, 4.25, 4.75], "texture": "#2"},
				"south": {"uv": [0.25, 4.25, 1.25, 5], "texture": "#2"}
			}
		},
		{
			"from": [18.3, 7.08284, 9.2],
			"to": [22.3, 10.08284, 9.2],
			"rotation": {"angle": 45, "axis": "x", "origin": [11, 8.78284, 9]},
			"faces": {
				"north": {"uv": [1.25, 4.25, 2.25, 5], "texture": "#2"},
				"south": {"uv": [4.25, 2.5, 5.25, 3.25], "texture": "#2"}
			}
		},
		{
			"from": [-0.7, 5.58284, 9.2],
			"to": [5.3, 11.58284, 9.2],
			"rotation": {"angle": 45, "axis": "x", "origin": [11, 8.78284, 9]},
			"faces": {
				"north": {"uv": [0, 0, 1.5, 1.5], "texture": "#2"},
				"south": {"uv": [1.5, 0, 0, 1.5], "texture": "#2"}
			}
		},
		{
			"from": [-0.7, 5.58284, 8.8],
			"to": [5.3, 11.58284, 8.8],
			"rotation": {"angle": -45, "axis": "x", "origin": [11, 8.78284, 9]},
			"faces": {
				"north": {"uv": [3, 1.5, 1.5, 3], "texture": "#2"},
				"south": {"uv": [1.5, 1.5, 3, 3], "texture": "#2"}
			}
		},
		{
			"from": [9.64619, 15.22162, 7],
			"to": [12.64619, 18.22162, 9],
			"rotation": {"angle": 0, "axis": "z", "origin": [10.15983, 17.73663, 8]},
			"faces": {
				"north": {"uv": [3.25, 4.75, 4, 5.5], "texture": "#2"},
				"east": {"uv": [0.75, 5.75, 1.25, 6.5], "texture": "#2"},
				"south": {"uv": [4.75, 3.25, 5.5, 4], "texture": "#2"},
				"west": {"uv": [1.25, 5.75, 1.75, 6.5], "texture": "#2"},
				"up": {"uv": [6.5, 2, 5.75, 1.5], "texture": "#2"},
				"down": {"uv": [6.5, 2, 5.75, 2.5], "texture": "#2"}
			}
		},
		{
			"from": [4.86011, 17.2969, 7.5],
			"to": [12.86011, 19.2969, 8.5],
			"rotation": {"angle": -22.5, "axis": "z", "origin": [10.15983, 17.73663, 8]},
			"faces": {
				"north": {"uv": [0.25, 3, 2.25, 3.5], "texture": "#2"},
				"east": {"uv": [4, 4.75, 4.25, 5.25], "texture": "#2"},
				"south": {"uv": [3.25, 1, 5.25, 1.5], "texture": "#2"},
				"west": {"uv": [6.5, 2, 6.75, 2.5], "texture": "#2"},
				"up": {"uv": [7.25, 3.25, 5.25, 3], "texture": "#2"},
				"down": {"uv": [2.25, 5.5, 0.25, 5.75], "texture": "#2"}
			}
		},
		{
			"from": [10.17329, 12.02209, 7.5],
			"to": [12.17329, 16.02209, 8.5],
			"rotation": {"angle": -22.5, "axis": "z", "origin": [10.44849, 15.449, 8]},
			"faces": {
				"north": {"uv": [2.75, 5.25, 3.25, 6.25], "texture": "#2"},
				"east": {"uv": [2.75, 3, 3, 4], "texture": "#2"},
				"south": {"uv": [2.25, 5.5, 2.75, 6.5], "texture": "#2"},
				"west": {"uv": [2.75, 4, 3, 5], "texture": "#2"},
				"down": {"uv": [7, 2.5, 6.5, 2.75], "texture": "#2"}
			}
		},
		{
			"from": [8.90223, 11.4694, 6],
			"to": [10.90223, 13.4694, 10],
			"rotation": {"angle": 0, "axis": "z", "origin": [10.44849, 15.449, 8]},
			"faces": {
				"north": {"uv": [6, 3.75, 6.5, 4.25], "texture": "#2"},
				"east": {"uv": [0.25, 5, 1.25, 5.5], "texture": "#2"},
				"south": {"uv": [6, 4.25, 6.5, 4.75], "texture": "#2"},
				"west": {"uv": [1.25, 5, 2.25, 5.5], "texture": "#2"},
				"up": {"uv": [5.75, 2, 5.25, 1], "texture": "#2"},
				"down": {"uv": [5.75, 2, 5.25, 3], "texture": "#2"}
			}
		},
		{
			"from": [9.20332, 1.03161, 7.5],
			"to": [11.20332, 5.03161, 8.5],
			"rotation": {"angle": 22.5, "axis": "z", "origin": [10.22428, 4.24651, 8]},
			"faces": {
				"north": {"uv": [5.5, 4.75, 6, 5.75], "texture": "#2"},
				"east": {"uv": [2.75, 6.25, 3, 7.25], "texture": "#2"},
				"south": {"uv": [0.25, 5.75, 0.75, 6.75], "texture": "#2"},
				"west": {"uv": [3, 6.25, 3.25, 7.25], "texture": "#2"},
				"up": {"uv": [7, 3, 6.5, 2.75], "texture": "#2"}
			}
		},
		{
			"from": [9.6, -1, 7],
			"to": [12.6, 2, 9],
			"rotation": {"angle": 0, "axis": "z", "origin": [10.22428, 4.24651, 8]},
			"faces": {
				"north": {"uv": [4.75, 4, 5.5, 4.75], "texture": "#2"},
				"east": {"uv": [1.75, 5.75, 2.25, 6.5], "texture": "#2"},
				"south": {"uv": [4.75, 4.75, 5.5, 5.5], "texture": "#2"},
				"west": {"uv": [4.25, 5.75, 4.75, 6.5], "texture": "#2"},
				"up": {"uv": [6.5, 3, 5.75, 2.5], "texture": "#2"},
				"down": {"uv": [6, 5.75, 5.25, 6.25], "texture": "#2"}
			}
		},
		{
			"from": [3.00019, -1.67049, 7.5],
			"to": [11.00019, 0.32951, 8.5],
			"rotation": {"angle": 22.5, "axis": "z", "origin": [10.22428, 4.24651, 8]},
			"faces": {
				"north": {"uv": [3.25, 1.5, 5.25, 2], "texture": "#2"},
				"east": {"uv": [6.5, 3.25, 6.75, 3.75], "texture": "#2"},
				"south": {"uv": [3.25, 2, 5.25, 2.5], "texture": "#2"},
				"west": {"uv": [3.75, 6.5, 4, 7], "texture": "#2"},
				"up": {"uv": [7.75, 1.25, 5.75, 1], "texture": "#2"},
				"down": {"uv": [7.75, 1.25, 5.75, 1.5], "texture": "#2"}
			}
		},
		{
			"from": [9, 3.5, 6],
			"to": [11, 5.5, 10],
			"rotation": {"angle": 0, "axis": "z", "origin": [10.22428, 4.24651, 8]},
			"faces": {
				"north": {"uv": [6, 5.25, 6.5, 5.75], "texture": "#2"},
				"east": {"uv": [3.25, 5.5, 4.25, 6], "texture": "#2"},
				"south": {"uv": [6, 5.75, 6.5, 6.25], "texture": "#2"},
				"west": {"uv": [5.5, 3.25, 6.5, 3.75], "texture": "#2"},
				"up": {"uv": [6, 4.75, 5.5, 3.75], "texture": "#2"},
				"down": {"uv": [5.25, 5.5, 4.75, 6.5], "texture": "#2"}
			}
		}
	],
	"gui_light": "front",
	"display": {
		"thirdperson_righthand": {
			"rotation": [0, 90, 0],
			"translation": [-2.75, -2.25, 1.25],
			"scale": [0.75, 0.75, 0.75]
		},
		"thirdperson_lefthand": {
			"rotation": [0, -90, 0],
			"translation": [-2.75, -2.25, 1.25],
			"scale": [0.75, 0.75, 0.75]
		},
		"firstperson_righthand": {
			"rotation": [17.75, 96, 0],
			"translation": [1.75, 4.25, -0.5],
			"scale": [0.49, 0.49, 0.49]
		},
		"firstperson_lefthand": {
			"rotation": [23, -92, 0],
			"translation": [1.75, 4.25, -0.5],
			"scale": [0.49, 0.49, 0.49]
		},
		"ground": {
			"rotation": [-90, 0, 0],
			"translation": [-1, -1.25, 0],
			"scale": [0.53, 0.53, 0.53]
		},
		"gui": {
			"rotation": [-16, -7, -41],
			"scale": [0.85, 0.85, 0.85]
		}
	},
	"groups": [0, 1, 2, 3,
		{
			"name": "loaded_arrow",
			"origin": [8, 8, 8],
			"color": 0,
			"children": [4, 5, 6, 7, 8,
				{
					"name": "arrow",
					"origin": [8, 5.5, 12],
					"color": 0,
					"children": []
				}
			]
		},
		{
			"name": "group",
			"origin": [10, 12.5, 7.5],
			"color": 0,
			"children": [9, 10, 11, 12]
		},
		{
			"name": "group",
			"origin": [10.1, 4.4, 7.5],
			"color": 0,
			"children": [13, 14, 15, 16]
		}
	]
}