{
    "parent": "item/generated",
    "textures": {
        "layer0": "item/bow"
    },
	"display": {
		"thirdperson_righthand": {
			"rotation": [0, 90, 0],
			"translation": [-0.25, -2.25, 3.25],
			"scale": [0.75, 0.75, 0.75]
		},
		"thirdperson_lefthand": {
			"rotation": [0, -89, 0],
			"translation": [-0.25, -2.25, 3.25],
			"scale": [0.75, 0.75, 0.75]
		},
		"firstperson_righthand": {
			"rotation": [0, 90, 0],
			"translation": [-0.25, 5.75, 3.25],
			"scale": [0.49, 0.49, 0.49]
		},
		"firstperson_lefthand": {
			"rotation": [0, -98, 0],
			"translation": [-0.25, 5.75, 3.25],
			"scale": [0.49, 0.49, 0.49]
		},
		"ground": {
			"rotation": [-90, 0, 0],
			"translation": [-1, -1.25, 0],
			"scale": [0.53, 0.53, 0.53]
		},
		"gui": {
			"rotation": [-16, -7, -41],
			"scale": [0.85, 0.85, 0.85]
		}
    },
    "overrides": [
        { "predicate": {"pulling": 1 }, "model": "item/bow_pulling_0" },
        { "predicate": {"pulling": 1, "pull": 0.65 }, "model": "item/bow_pulling_1" },
        { "predicate": {"pulling": 1, "pull": 0.9 }, "model": "item/bow_pulling_2" },


        { "predicate": { "custom_model_data": 1 }, "model": "item/basic_bow0" },
        { "predicate": { "custom_model_data": 1, "pulling": 1 }, "model": "item/basic_bow1" },
        { "predicate": { "custom_model_data": 1, "pulling": 1, "pull": 0.65 }, "model": "item/basic_bow2" },
        { "predicate": { "custom_model_data": 1, "pulling": 1, "pull": 0.9 }, "model": "item/basic_bow3" }
]
}
