{
	"credit": "Made with Blockbench",
	"texture_size": [64, 32],
	"textures": {
		"0": "models/armor/chainmail_layer_1"
	},
	"elements": [
		{
			"name": "layer",
			"from": [1.6, -1, 5],
			"to": [7.6, 6, 11],
			"shade": false,
			"rotation": {"angle": 0, "axis": "y", "origin": [6.5, 0, 8]},
			"faces": {
				"north": {"uv": [2, 13.5, 1, 16], "texture": "#0"},
				"east": {"uv": [3, 13.5, 2, 16], "texture": "#0"},
				"south": {"uv": [4, 13.5, 3, 16], "texture": "#0"},
				"west": {"uv": [1, 13.5, 0, 16], "texture": "#0"},
				"up": {"uv": [1, 10, 2, 8], "texture": "#0"},
				"down": {"uv": [2, 8, 3, 10], "texture": "#0"}
			}
		},
		{
			"name": "layer inverted",
			"from": [7.6, 6, 11],
			"to": [1.6, -1, 5],
			"shade": false,
			"rotation": {"angle": 0, "axis": "y", "origin": [-6.5, 0, -8]},
			"faces": {
				"north": {"uv": [4, 16, 3, 13.5], "texture": "#0"},
				"east": {"uv": [1, 16, 0, 13.5], "texture": "#0"},
				"south": {"uv": [2, 16, 1, 13.5], "texture": "#0"},
				"west": {"uv": [3, 16, 2, 13.5], "texture": "#0"},
				"up": {"uv": [3, 8, 2, 10], "texture": "#0"},
				"down": {"uv": [2, 10, 1, 8], "texture": "#0"}
			}
		},
		{
			"name": "layer",
			"from": [8.4, -1, 5],
			"to": [14.4, 6, 11],
			"rotation": {"angle": 0, "axis": "y", "origin": [9.5, 0, 8]},
			"faces": {
				"north": {"uv": [1, 13.5, 2, 16], "texture": "#0"},
				"east": {"uv": [0, 13.5, 1, 16], "texture": "#0"},
				"south": {"uv": [3, 13.5, 4, 16], "texture": "#0"},
				"west": {"uv": [2, 13.5, 3, 16], "texture": "#0"},
				"up": {"uv": [2, 10, 1, 8], "texture": "#0"},
				"down": {"uv": [3, 8, 2, 10], "texture": "#0"}
			}
		},
		{
			"name": "layer inverted",
			"from": [14.4, 6, 11],
			"to": [8.4, -1, 5],
			"rotation": {"angle": 0, "axis": "y", "origin": [-9.5, 0, -8]},
			"faces": {
				"north": {"uv": [3, 16, 4, 13.5], "texture": "#0"},
				"east": {"uv": [2, 16, 3, 13.5], "texture": "#0"},
				"south": {"uv": [1, 16, 2, 13.5], "texture": "#0"},
				"west": {"uv": [0, 16, 1, 13.5], "texture": "#0"},
				"up": {"uv": [2, 8, 3, 10], "texture": "#0"},
				"down": {"uv": [1, 10, 2, 8], "texture": "#0"}
			}
		}
	],
	"display": {
		"thirdperson_righthand": {
			"rotation": [75, 25, 0],
			"translation": [-0.75, -0.75, 3.5],
			"scale": [0.64, 0.64, 0.64]
		},
		"thirdperson_lefthand": {
			"rotation": [75, 25, 0],
			"translation": [-0.75, -0.75, 3.5],
			"scale": [0.64, 0.64, 0.64]
		},
		"firstperson_righthand": {
			"rotation": [-10, 114, 0],
			"translation": [2, 5.5, 0],
			"scale": [0.61, 0.61, 0.61]
		},
		"firstperson_lefthand": {
			"rotation": [-10, 114, 0],
			"translation": [2, 5.5, 0],
			"scale": [0.61, 0.61, 0.61]
		},
		"ground": {
			"rotation": [90, 0, 0],
			"translation": [0, 0, 3.25],
			"scale": [0.64, 0.64, 0.64]
		},
		"gui": {
			"rotation": [23, -136, -10],
			"translation": [-0.75, 4, 0],
			"scale": [0.88, 0.88, 0.88]
		},
		"head": {
			"translation": [0, 5, 0]
		},
		"fixed": {
			"scale": [0.5, 0.5, 0.5]
		}
	},
	"groups": [
		{
			"name": "armor_main",
			"origin": [0, 0, 0],
			"color": 0,
			"children": [
				{
					"name": "LeftLeg",
					"origin": [-1.9, 12, 0],
					"color": 0,
					"children": [0, 1]
				},
				{
					"name": "RightLeg",
					"origin": [1.9, 12, 0],
					"color": 0,
					"children": [2, 3]
				},
				{
					"name": "LeftArm",
					"origin": [-5, 22, 0],
					"color": 0,
					"children": []
				},
				{
					"name": "RightArm",
					"origin": [5, 22, 0],
					"color": 0,
					"children": []
				},
				{
					"name": "Body",
					"origin": [0, 24, 0],
					"color": 0,
					"children": []
				},
				{
					"name": "Head",
					"origin": [0, 24, 0],
					"color": 0,
					"children": []
				}
			]
		},
		{
			"name": "armor_leggings",
			"origin": [0, 0, 0],
			"color": 0,
			"children": [
				{
					"name": "LeftLeg2",
					"origin": [-1.9, 12, 0],
					"color": 0,
					"children": []
				},
				{
					"name": "RightLeg2",
					"origin": [1.9, 12, 0],
					"color": 0,
					"children": []
				},
				{
					"name": "Body2",
					"origin": [0, 24, 0],
					"color": 0,
					"children": []
				}
			]
		}
	]
}