{
	"credit": "Made with Blockbench",
	"texture_size": [64, 32],
	"textures": {
		"0": "models/armor/chainmail_layer_1"
	},
	"elements": [
		{
			"name": "layer",
			"from": [-1.6, 2.15, 4.9],
			"to": [4.6, 16.35, 11.1],
			"shade": false,
			"rotation": {"angle": 0, "axis": "x", "origin": [1.5, 18.25, 8]},
			"faces": {
				"north": {"uv": [12, 10, 11, 16], "texture": "#0"},
				"east": {"uv": [13, 10, 12, 16], "texture": "#0"},
				"south": {"uv": [14, 10, 13, 16], "texture": "#0"},
				"west": {"uv": [11, 10, 10, 16], "texture": "#0"},
				"up": {"uv": [11, 10, 12, 8], "texture": "#0"},
				"down": {"uv": [12, 8, 13, 10], "texture": "#0"}
			}
		},
		{
			"name": "layer inverted",
			"from": [4.6, 16.35, 11.1],
			"to": [-1.6, 2.15, 4.9],
			"shade": false,
			"rotation": {"angle": 0, "axis": "x", "origin": [-1.5, -18.25, -8]},
			"faces": {
				"north": {"uv": [14, 16, 13, 10], "texture": "#0"},
				"east": {"uv": [11, 16, 10, 10], "texture": "#0"},
				"south": {"uv": [12, 16, 11, 10], "texture": "#0"},
				"west": {"uv": [13, 16, 12, 10], "texture": "#0"},
				"up": {"uv": [13, 8, 12, 10], "texture": "#0"},
				"down": {"uv": [12, 10, 11, 8], "texture": "#0"}
			}
		},
		{
			"name": "layer",
			"from": [11.4, 1.9, 4.9],
			"to": [17.6, 16.1, 11.1],
			"rotation": {"angle": 0, "axis": "y", "origin": [8.5, 0, 8]},
			"faces": {
				"north": {"uv": [11, 10, 12, 16], "texture": "#0"},
				"east": {"uv": [10, 10, 11, 16], "texture": "#0"},
				"south": {"uv": [13, 10, 14, 16], "texture": "#0"},
				"west": {"uv": [12, 10, 13, 16], "texture": "#0"},
				"up": {"uv": [12, 10, 11, 8], "texture": "#0"},
				"down": {"uv": [13, 8, 12, 10], "texture": "#0"}
			}
		},
		{
			"name": "layer inverted",
			"from": [17.6, 16.1, 11.1],
			"to": [11.4, 1.9, 4.9],
			"rotation": {"angle": 0, "axis": "y", "origin": [-8.5, 0, -8]},
			"faces": {
				"north": {"uv": [13, 16, 14, 10], "texture": "#0"},
				"east": {"uv": [12, 16, 13, 10], "texture": "#0"},
				"south": {"uv": [11, 16, 12, 10], "texture": "#0"},
				"west": {"uv": [10, 16, 11, 10], "texture": "#0"},
				"up": {"uv": [12, 8, 13, 10], "texture": "#0"},
				"down": {"uv": [11, 10, 12, 8], "texture": "#0"}
			}
		},
		{
			"name": "layer",
			"from": [3.09, 2.09, 5.09],
			"to": [12.91, 15.91, 10.91],
			"rotation": {"angle": 0, "axis": "y", "origin": [8, 0, 8]},
			"faces": {
				"north": {"uv": [5, 10, 7, 16], "texture": "#0"},
				"east": {"uv": [4, 10, 5, 16], "texture": "#0"},
				"south": {"uv": [8, 10, 10, 16], "texture": "#0"},
				"west": {"uv": [7, 10, 8, 16], "texture": "#0"},
				"up": {"uv": [7, 10, 5, 8], "texture": "#0"},
				"down": {"uv": [9, 8, 7, 10], "texture": "#0"}
			}
		},
		{
			"name": "layer inverted",
			"from": [12.91, 15.91, 10.91],
			"to": [3.09, 2.09, 5.09],
			"rotation": {"angle": 0, "axis": "y", "origin": [-8, 0, -8]},
			"faces": {
				"north": {"uv": [8, 16, 10, 10], "texture": "#0"},
				"east": {"uv": [7, 16, 8, 10], "texture": "#0"},
				"south": {"uv": [5, 16, 7, 10], "texture": "#0"},
				"west": {"uv": [4, 16, 5, 10], "texture": "#0"},
				"up": {"uv": [7, 8, 9, 10], "texture": "#0"},
				"down": {"uv": [5, 10, 7, 8], "texture": "#0"}
			}
		}
	],
	"display": {
		"thirdperson_righthand": {
			"rotation": [75, 25, 0],
			"translation": [-0.75, -0.75, -0.5],
			"scale": [0.64, 0.64, 0.64]
		},
		"thirdperson_lefthand": {
			"rotation": [75, 25, 0],
			"translation": [-0.75, -0.75, -0.5],
			"scale": [0.64, 0.64, 0.64]
		},
		"firstperson_righthand": {
			"rotation": [-10, 114, 0],
			"translation": [2, 2, 0],
			"scale": [0.61, 0.61, 0.61]
		},
		"firstperson_lefthand": {
			"rotation": [-10, 114, 0],
			"translation": [2, 2, 0],
			"scale": [0.61, 0.61, 0.61]
		},
		"ground": {
			"rotation": [90, 0, 0],
			"translation": [0, 0, -0.75],
			"scale": [0.64, 0.64, 0.64]
		},
		"gui": {
			"rotation": [23, -136, -10],
			"translation": [0.5, -2, 0],
			"scale": [0.88, 0.88, 0.88]
		},
		"fixed": {
			"scale": [0.5, 0.5, 0.5]
		}
	},
	"groups": [
		{
			"name": "armor_main",
			"origin": [0, 0, 0],
			"color": 0,
			"children": [
				{
					"name": "LeftLeg",
					"origin": [-1.9, 12, 0],
					"color": 0,
					"children": []
				},
				{
					"name": "RightLeg",
					"origin": [1.9, 12, 0],
					"color": 0,
					"children": []
				},
				{
					"name": "LeftArm",
					"origin": [-5, 22, 0],
					"color": 0,
					"children": [0, 1]
				},
				{
					"name": "RightArm",
					"origin": [5, 22, 0],
					"color": 0,
					"children": [2, 3]
				},
				{
					"name": "Body",
					"origin": [0, 24, 0],
					"color": 0,
					"children": [4, 5]
				},
				{
					"name": "Head",
					"origin": [0, 24, 0],
					"color": 0,
					"children": []
				}
			]
		},
		{
			"name": "armor_leggings",
			"origin": [0, 0, 0],
			"color": 0,
			"children": [
				{
					"name": "LeftLeg2",
					"origin": [-1.9, 12, 0],
					"color": 0,
					"children": []
				},
				{
					"name": "RightLeg2",
					"origin": [1.9, 12, 0],
					"color": 0,
					"children": []
				},
				{
					"name": "Body2",
					"origin": [0, 24, 0],
					"color": 0,
					"children": []
				}
			]
		}
	]
}