{
	"credit": "Made with Blockbench",
	"texture_size": [32, 32],
	"textures": {
		"0": "entity/chain_handle",
		"particle": "entity/chain_handle",
		"1_0": "entity/chain_ball",
		"3_0": "entity/chain_part"
	},
	"elements": [
		{
			"from": [-7.79, -1.012, 4.562],
			"to": [-1.71, 5.068, 10.642],
			"rotation": {"angle": 0, "axis": "x", "origin": [2.75, 2.028, 7.602]},
			"faces": {
				"north": {"uv": [0, 4, 4, 8], "texture": "#1_0"},
				"east": {"uv": [4, 0, 8, 4], "texture": "#1_0"},
				"south": {"uv": [4, 4, 8, 8], "texture": "#1_0"},
				"west": {"uv": [0, 0, 4, 4], "texture": "#1_0"},
				"up": {"uv": [4, 12, 0, 8], "rotation": 270, "texture": "#1_0"},
				"down": {"uv": [12, 0, 8, 4], "rotation": 90, "texture": "#1_0"}
			}
		},
		{
			"from": [-5.51, 5.068, 6.842],
			"to": [-3.99, 6.588, 8.362],
			"rotation": {"angle": 0, "axis": "x", "origin": [2.75, 2.028, 7.602]},
			"faces": {
				"north": {"uv": [8, 4, 9, 5], "texture": "#1_0"},
				"east": {"uv": [5, 8, 6, 9], "texture": "#1_0"},
				"south": {"uv": [8, 5, 9, 6], "texture": "#1_0"},
				"west": {"uv": [4, 8, 5, 9], "texture": "#1_0"},
				"up": {"uv": [7, 9, 6, 8], "rotation": 270, "texture": "#1_0"},
				"down": {"uv": [9, 6, 8, 7], "rotation": 90, "texture": "#1_0"}
			}
		},
		{
			"from": [-5.51, -2.532, 6.842],
			"to": [-3.99, -1.012, 8.362],
			"rotation": {"angle": 0, "axis": "x", "origin": [2.75, 2.028, 7.602]},
			"faces": {
				"north": {"uv": [8, 7, 9, 8], "texture": "#1_0"},
				"east": {"uv": [8, 8, 9, 9], "texture": "#1_0"},
				"south": {"uv": [4, 9, 5, 10], "texture": "#1_0"},
				"west": {"uv": [7, 8, 8, 9], "texture": "#1_0"},
				"up": {"uv": [10, 5, 9, 4], "rotation": 270, "texture": "#1_0"},
				"down": {"uv": [6, 9, 5, 10], "rotation": 90, "texture": "#1_0"}
			}
		},
		{
			"from": [-5.51, 1.268, 3.042],
			"to": [-3.99, 2.788, 4.562],
			"rotation": {"angle": 0, "axis": "x", "origin": [2.75, 2.028, 7.602]},
			"faces": {
				"north": {"uv": [6, 9, 7, 10], "texture": "#1_0"},
				"east": {"uv": [9, 6, 10, 7], "texture": "#1_0"},
				"south": {"uv": [7, 9, 8, 10], "texture": "#1_0"},
				"west": {"uv": [9, 5, 10, 6], "texture": "#1_0"},
				"up": {"uv": [10, 8, 9, 7], "rotation": 270, "texture": "#1_0"},
				"down": {"uv": [9, 9, 8, 10], "rotation": 90, "texture": "#1_0"}
			}
		},
		{
			"from": [-5.51, 1.268, 2.54279],
			"to": [-3.99, 2.788, 4.06279],
			"rotation": {"angle": 45, "axis": "x", "origin": [2.75, 2.028, 7.602]},
			"faces": {
				"north": {"uv": [6, 11, 7, 12], "texture": "#1_0"},
				"east": {"uv": [11, 6, 12, 7], "texture": "#1_0"},
				"south": {"uv": [7, 11, 8, 12], "texture": "#1_0"},
				"west": {"uv": [11, 5, 12, 6], "texture": "#1_0"},
				"up": {"uv": [12, 8, 11, 7], "rotation": 270, "texture": "#1_0"},
				"down": {"uv": [9, 11, 8, 12], "rotation": 90, "texture": "#1_0"}
			}
		},
		{
			"from": [-5.51, 1.268, 11.14121],
			"to": [-3.99, 2.788, 12.66121],
			"rotation": {"angle": -45, "axis": "x", "origin": [2.75, 2.028, 7.602]},
			"faces": {
				"north": {"uv": [9, 11, 10, 12], "texture": "#1_0"},
				"east": {"uv": [11, 9, 12, 10], "texture": "#1_0"},
				"south": {"uv": [10, 11, 11, 12], "texture": "#1_0"},
				"west": {"uv": [11, 8, 12, 9], "texture": "#1_0"},
				"up": {"uv": [12, 11, 11, 10], "rotation": 270, "texture": "#1_0"},
				"down": {"uv": [12, 11, 11, 12], "rotation": 90, "texture": "#1_0"}
			}
		},
		{
			"from": [-5.51, 1.268, 11.14121],
			"to": [-3.99, 2.788, 12.66121],
			"rotation": {"angle": 45, "axis": "x", "origin": [2.75, 2.028, 7.602]},
			"faces": {
				"north": {"uv": [12, 3, 13, 4], "texture": "#1_0"},
				"east": {"uv": [4, 12, 5, 13], "texture": "#1_0"},
				"south": {"uv": [12, 4, 13, 5], "texture": "#1_0"},
				"west": {"uv": [3, 12, 4, 13], "texture": "#1_0"},
				"up": {"uv": [6, 13, 5, 12], "rotation": 270, "texture": "#1_0"},
				"down": {"uv": [13, 5, 12, 6], "rotation": 90, "texture": "#1_0"}
			}
		},
		{
			"from": [-5.51, 1.268, 2.54279],
			"to": [-3.99, 2.788, 4.06279],
			"rotation": {"angle": -45, "axis": "x", "origin": [2.75, 2.028, 7.602]},
			"faces": {
				"north": {"uv": [12, 0, 13, 1], "texture": "#1_0"},
				"east": {"uv": [1, 12, 2, 13], "texture": "#1_0"},
				"south": {"uv": [12, 1, 13, 2], "texture": "#1_0"},
				"west": {"uv": [0, 12, 1, 13], "texture": "#1_0"},
				"up": {"uv": [3, 13, 2, 12], "rotation": 270, "texture": "#1_0"},
				"down": {"uv": [13, 2, 12, 3], "rotation": 90, "texture": "#1_0"}
			}
		},
		{
			"from": [0.98591, 6.5713, 6.842],
			"to": [2.50591, 8.0913, 8.362],
			"rotation": {"angle": 45, "axis": "z", "origin": [2.75, 2.028, 7.602]},
			"faces": {
				"north": {"uv": [3, 13, 4, 14], "texture": "#1_0"},
				"east": {"uv": [13, 3, 14, 4], "texture": "#1_0"},
				"south": {"uv": [4, 13, 5, 14], "texture": "#1_0"},
				"west": {"uv": [13, 2, 14, 3], "texture": "#1_0"},
				"up": {"uv": [14, 5, 13, 4], "rotation": 270, "texture": "#1_0"},
				"down": {"uv": [6, 13, 5, 14], "rotation": 90, "texture": "#1_0"}
			}
		},
		{
			"from": [0.98591, -4.0353, 6.842],
			"to": [2.50591, -2.5153, 8.362],
			"rotation": {"angle": -45, "axis": "z", "origin": [2.75, 2.028, 7.602]},
			"faces": {
				"north": {"uv": [0, 13, 1, 14], "texture": "#1_0"},
				"east": {"uv": [13, 0, 14, 1], "texture": "#1_0"},
				"south": {"uv": [1, 13, 2, 14], "texture": "#1_0"},
				"west": {"uv": [12, 12, 13, 13], "texture": "#1_0"},
				"up": {"uv": [14, 2, 13, 1], "rotation": 270, "texture": "#1_0"},
				"down": {"uv": [3, 13, 2, 14], "rotation": 90, "texture": "#1_0"}
			}
		},
		{
			"from": [-7.61251, 6.5713, 6.842],
			"to": [-6.09251, 8.0913, 8.362],
			"rotation": {"angle": 45, "axis": "z", "origin": [2.75, 2.028, 7.602]},
			"faces": {
				"north": {"uv": [12, 9, 13, 10], "texture": "#1_0"},
				"east": {"uv": [10, 12, 11, 13], "texture": "#1_0"},
				"south": {"uv": [12, 10, 13, 11], "texture": "#1_0"},
				"west": {"uv": [9, 12, 10, 13], "texture": "#1_0"},
				"up": {"uv": [12, 13, 11, 12], "rotation": 270, "texture": "#1_0"},
				"down": {"uv": [13, 11, 12, 12], "rotation": 90, "texture": "#1_0"}
			}
		},
		{
			"from": [-7.61251, -4.0353, 6.842],
			"to": [-6.09251, -2.5153, 8.362],
			"rotation": {"angle": -45, "axis": "z", "origin": [2.75, 2.028, 7.602]},
			"faces": {
				"north": {"uv": [12, 6, 13, 7], "texture": "#1_0"},
				"east": {"uv": [7, 12, 8, 13], "texture": "#1_0"},
				"south": {"uv": [12, 7, 13, 8], "texture": "#1_0"},
				"west": {"uv": [6, 12, 7, 13], "texture": "#1_0"},
				"up": {"uv": [9, 13, 8, 12], "rotation": 270, "texture": "#1_0"},
				"down": {"uv": [13, 8, 12, 9], "rotation": 90, "texture": "#1_0"}
			}
		},
		{
			"from": [0.98591, 1.268, 12.1453],
			"to": [2.50591, 2.788, 13.6653],
			"rotation": {"angle": -45, "axis": "y", "origin": [2.75, 2.028, 7.602]},
			"faces": {
				"north": {"uv": [14, 1, 15, 2], "texture": "#1_0"},
				"east": {"uv": [2, 14, 3, 15], "texture": "#1_0"},
				"south": {"uv": [14, 2, 15, 3], "texture": "#1_0"},
				"west": {"uv": [1, 14, 2, 15], "texture": "#1_0"},
				"up": {"uv": [4, 15, 3, 14], "rotation": 270, "texture": "#1_0"},
				"down": {"uv": [15, 3, 14, 4], "rotation": 90, "texture": "#1_0"}
			}
		},
		{
			"from": [0.98591, 1.268, 1.5387],
			"to": [2.50591, 2.788, 3.0587],
			"rotation": {"angle": 45, "axis": "y", "origin": [2.75, 2.028, 7.602]},
			"faces": {
				"north": {"uv": [12, 13, 13, 14], "texture": "#1_0"},
				"east": {"uv": [13, 12, 14, 13], "texture": "#1_0"},
				"south": {"uv": [13, 13, 14, 14], "texture": "#1_0"},
				"west": {"uv": [13, 11, 14, 12], "texture": "#1_0"},
				"up": {"uv": [1, 15, 0, 14], "rotation": 270, "texture": "#1_0"},
				"down": {"uv": [15, 0, 14, 1], "rotation": 90, "texture": "#1_0"}
			}
		},
		{
			"from": [-7.61251, 1.268, 12.1453],
			"to": [-6.09251, 2.788, 13.6653],
			"rotation": {"angle": -45, "axis": "y", "origin": [2.75, 2.028, 7.602]},
			"faces": {
				"north": {"uv": [9, 13, 10, 14], "texture": "#1_0"},
				"east": {"uv": [13, 9, 14, 10], "texture": "#1_0"},
				"south": {"uv": [10, 13, 11, 14], "texture": "#1_0"},
				"west": {"uv": [13, 8, 14, 9], "texture": "#1_0"},
				"up": {"uv": [14, 11, 13, 10], "rotation": 270, "texture": "#1_0"},
				"down": {"uv": [12, 13, 11, 14], "rotation": 90, "texture": "#1_0"}
			}
		},
		{
			"from": [-7.61251, 1.268, 1.5387],
			"to": [-6.09251, 2.788, 3.0587],
			"rotation": {"angle": 45, "axis": "y", "origin": [2.75, 2.028, 7.602]},
			"faces": {
				"north": {"uv": [6, 13, 7, 14], "texture": "#1_0"},
				"east": {"uv": [13, 6, 14, 7], "texture": "#1_0"},
				"south": {"uv": [7, 13, 8, 14], "texture": "#1_0"},
				"west": {"uv": [13, 5, 14, 6], "texture": "#1_0"},
				"up": {"uv": [14, 8, 13, 7], "rotation": 270, "texture": "#1_0"},
				"down": {"uv": [9, 13, 8, 14], "rotation": 90, "texture": "#1_0"}
			}
		},
		{
			"from": [-5.51, 1.268, 10.642],
			"to": [-3.99, 2.788, 12.162],
			"rotation": {"angle": 0, "axis": "x", "origin": [2.75, 2.028, 7.602]},
			"faces": {
				"north": {"uv": [9, 9, 10, 10], "texture": "#1_0"},
				"east": {"uv": [4, 10, 5, 11], "texture": "#1_0"},
				"south": {"uv": [10, 4, 11, 5], "texture": "#1_0"},
				"west": {"uv": [9, 8, 10, 9], "texture": "#1_0"},
				"up": {"uv": [6, 11, 5, 10], "rotation": 270, "texture": "#1_0"},
				"down": {"uv": [11, 5, 10, 6], "rotation": 90, "texture": "#1_0"}
			}
		},
		{
			"from": [-9.31, 1.268, 6.842],
			"to": [-7.79, 2.788, 8.362],
			"rotation": {"angle": 0, "axis": "x", "origin": [2.75, 2.028, 7.602]},
			"faces": {
				"north": {"uv": [10, 9, 11, 10], "texture": "#1_0"},
				"east": {"uv": [10, 10, 11, 11], "texture": "#1_0"},
				"south": {"uv": [4, 11, 5, 12], "texture": "#1_0"},
				"west": {"uv": [9, 10, 10, 11], "texture": "#1_0"},
				"up": {"uv": [12, 5, 11, 4], "rotation": 270, "texture": "#1_0"},
				"down": {"uv": [6, 11, 5, 12], "rotation": 90, "texture": "#1_0"}
			}
		},
		{
			"from": [-1.71, 1.268, 6.842],
			"to": [-0.19, 2.788, 8.362],
			"rotation": {"angle": 0, "axis": "x", "origin": [2.75, 2.028, 7.602]},
			"faces": {
				"north": {"uv": [10, 6, 11, 7], "texture": "#1_0"},
				"east": {"uv": [7, 10, 8, 11], "texture": "#1_0"},
				"south": {"uv": [10, 7, 11, 8], "texture": "#1_0"},
				"west": {"uv": [6, 10, 7, 11], "texture": "#1_0"},
				"up": {"uv": [9, 11, 8, 10], "rotation": 270, "texture": "#1_0"},
				"down": {"uv": [11, 8, 10, 9], "rotation": 90, "texture": "#1_0"}
			}
		},
		{
			"from": [-5.29154, -0.08254, 6.082],
			"to": [-3.77154, 0.67746, 9.122],
			"rotation": {"angle": -22.5, "axis": "z", "origin": [8, 2.028, 7.602]},
			"faces": {
				"north": {"uv": [7, 12, 8, 14], "rotation": 270, "texture": "#3_0"},
				"east": {"uv": [11, 10, 10, 6], "rotation": 270, "texture": "#3_0"},
				"south": {"uv": [12, 4, 13, 6], "rotation": 90, "texture": "#3_0"},
				"west": {"uv": [9, 10, 8, 14], "rotation": 270, "texture": "#3_0"},
				"up": {"uv": [0, 0, 4, 2], "rotation": 90, "texture": "#3_0"},
				"down": {"uv": [0, 2, 4, 4], "rotation": 90, "texture": "#3_0"}
			}
		},
		{
			"from": [-5.29154, 3.71746, 6.082],
			"to": [-3.77154, 4.47746, 9.122],
			"rotation": {"angle": -22.5, "axis": "z", "origin": [8, 2.028, 7.602]},
			"faces": {
				"north": {"uv": [6, 13, 7, 15], "rotation": 270, "texture": "#3_0"},
				"east": {"uv": [10, 15, 9, 11], "rotation": 270, "texture": "#3_0"},
				"south": {"uv": [5, 13, 6, 15], "rotation": 90, "texture": "#3_0"},
				"west": {"uv": [11, 11, 10, 15], "rotation": 270, "texture": "#3_0"},
				"up": {"uv": [0, 6, 4, 8], "rotation": 90, "texture": "#3_0"},
				"down": {"uv": [4, 6, 8, 8], "rotation": 90, "texture": "#3_0"}
			}
		},
		{
			"from": [-5.29154, 0.67746, 8.362],
			"to": [-3.77154, 3.71746, 9.122],
			"rotation": {"angle": -22.5, "axis": "z", "origin": [8, 2.028, 7.602]},
			"faces": {
				"north": {"uv": [4, 0, 8, 2], "rotation": 270, "texture": "#3_0"},
				"east": {"uv": [14, 3, 10, 2], "rotation": 270, "texture": "#3_0"},
				"south": {"uv": [0, 4, 4, 6], "rotation": 90, "texture": "#3_0"},
				"west": {"uv": [14, 3, 10, 4], "rotation": 270, "texture": "#3_0"},
				"up": {"uv": [12, 11, 13, 13], "rotation": 90, "texture": "#3_0"},
				"down": {"uv": [3, 13, 4, 15], "rotation": 90, "texture": "#3_0"}
			}
		},
		{
			"from": [-5.29154, 0.67746, 6.082],
			"to": [-3.77154, 3.71746, 6.842],
			"rotation": {"angle": -22.5, "axis": "z", "origin": [8, 2.028, 7.602]},
			"faces": {
				"north": {"uv": [4, 4, 8, 6], "rotation": 270, "texture": "#3_0"},
				"east": {"uv": [13, 11, 9, 10], "rotation": 270, "texture": "#3_0"},
				"south": {"uv": [4, 2, 8, 4], "rotation": 90, "texture": "#3_0"},
				"west": {"uv": [15, 6, 11, 7], "rotation": 270, "texture": "#3_0"},
				"up": {"uv": [4, 13, 5, 15], "rotation": 90, "texture": "#3_0"},
				"down": {"uv": [13, 4, 14, 6], "rotation": 90, "texture": "#3_0"}
			}
		},
		{
			"from": [-3.77154, 3.71746, 6.842],
			"to": [-3.01154, 6.75746, 8.362],
			"rotation": {"angle": -22.5, "axis": "z", "origin": [8, 2.028, 7.602]},
			"faces": {
				"north": {"uv": [3, 12, 7, 13], "rotation": 270, "texture": "#3_0"},
				"east": {"uv": [14, 2, 10, 0], "rotation": 270, "texture": "#3_0"},
				"south": {"uv": [11, 9, 15, 10], "rotation": 90, "texture": "#3_0"},
				"west": {"uv": [6, 10, 2, 12], "rotation": 270, "texture": "#3_0"},
				"up": {"uv": [14, 4, 16, 5], "rotation": 90, "texture": "#3_0"},
				"down": {"uv": [14, 5, 16, 6], "rotation": 90, "texture": "#3_0"}
			}
		},
		{
			"from": [-6.05154, 2.95746, 6.842],
			"to": [-3.01154, 3.71746, 8.362],
			"rotation": {"angle": -22.5, "axis": "z", "origin": [8, 2.028, 7.602]},
			"faces": {
				"north": {"uv": [2, 12, 3, 16], "rotation": 270, "texture": "#3_0"},
				"east": {"uv": [15, 2, 14, 0], "rotation": 270, "texture": "#3_0"},
				"south": {"uv": [1, 12, 2, 16], "rotation": 90, "texture": "#3_0"},
				"west": {"uv": [15, 2, 14, 4], "rotation": 270, "texture": "#3_0"},
				"up": {"uv": [6, 8, 8, 12], "rotation": 90, "texture": "#3_0"},
				"down": {"uv": [8, 6, 10, 10], "rotation": 90, "texture": "#3_0"}
			}
		},
		{
			"from": [-6.05154, 3.71746, 6.842],
			"to": [-5.29154, 6.75746, 8.362],
			"rotation": {"angle": -22.5, "axis": "z", "origin": [8, 2.028, 7.602]},
			"faces": {
				"north": {"uv": [11, 8, 15, 9], "rotation": 270, "texture": "#3_0"},
				"east": {"uv": [6, 10, 2, 8], "rotation": 270, "texture": "#3_0"},
				"south": {"uv": [11, 7, 15, 8], "rotation": 90, "texture": "#3_0"},
				"west": {"uv": [12, 4, 8, 6], "rotation": 270, "texture": "#3_0"},
				"up": {"uv": [13, 12, 15, 13], "rotation": 90, "texture": "#3_0"},
				"down": {"uv": [13, 13, 15, 14], "rotation": 90, "texture": "#3_0"}
			}
		},
		{
			"from": [-6.05154, 6.75746, 6.842],
			"to": [-3.01154, 7.51746, 8.362],
			"rotation": {"angle": -22.5, "axis": "z", "origin": [8, 2.028, 7.602]},
			"faces": {
				"north": {"uv": [0, 12, 1, 16], "rotation": 270, "texture": "#3_0"},
				"east": {"uv": [14, 12, 13, 10], "rotation": 270, "texture": "#3_0"},
				"south": {"uv": [11, 11, 12, 15], "rotation": 90, "texture": "#3_0"},
				"west": {"uv": [13, 13, 12, 15], "rotation": 270, "texture": "#3_0"},
				"up": {"uv": [0, 8, 2, 12], "rotation": 90, "texture": "#3_0"},
				"down": {"uv": [8, 0, 10, 4], "rotation": 90, "texture": "#3_0"}
			}
		},
		{
			"from": [-2.54, 10.388, 6.082],
			"to": [-1.02, 11.148, 9.122],
			"rotation": {"angle": 0, "axis": "x", "origin": [8, 2.028, 7.602]},
			"faces": {
				"north": {"uv": [7, 12, 8, 14], "rotation": 270, "texture": "#3_0"},
				"east": {"uv": [11, 10, 10, 6], "rotation": 270, "texture": "#3_0"},
				"south": {"uv": [12, 4, 13, 6], "rotation": 90, "texture": "#3_0"},
				"west": {"uv": [9, 10, 8, 14], "rotation": 270, "texture": "#3_0"},
				"up": {"uv": [0, 0, 4, 2], "rotation": 90, "texture": "#3_0"},
				"down": {"uv": [0, 2, 4, 4], "rotation": 90, "texture": "#3_0"}
			}
		},
		{
			"from": [-2.54, 14.188, 6.082],
			"to": [-1.02, 14.948, 9.122],
			"rotation": {"angle": 0, "axis": "x", "origin": [8, 2.028, 7.602]},
			"faces": {
				"north": {"uv": [6, 13, 7, 15], "rotation": 270, "texture": "#3_0"},
				"east": {"uv": [10, 15, 9, 11], "rotation": 270, "texture": "#3_0"},
				"south": {"uv": [5, 13, 6, 15], "rotation": 90, "texture": "#3_0"},
				"west": {"uv": [11, 11, 10, 15], "rotation": 270, "texture": "#3_0"},
				"up": {"uv": [0, 6, 4, 8], "rotation": 90, "texture": "#3_0"},
				"down": {"uv": [4, 6, 8, 8], "rotation": 90, "texture": "#3_0"}
			}
		},
		{
			"from": [-2.54, 11.148, 8.362],
			"to": [-1.02, 14.188, 9.122],
			"rotation": {"angle": 0, "axis": "x", "origin": [8, 2.028, 7.602]},
			"faces": {
				"north": {"uv": [4, 0, 8, 2], "rotation": 270, "texture": "#3_0"},
				"east": {"uv": [14, 3, 10, 2], "rotation": 270, "texture": "#3_0"},
				"south": {"uv": [0, 4, 4, 6], "rotation": 90, "texture": "#3_0"},
				"west": {"uv": [14, 3, 10, 4], "rotation": 270, "texture": "#3_0"},
				"up": {"uv": [12, 11, 13, 13], "rotation": 90, "texture": "#3_0"},
				"down": {"uv": [3, 13, 4, 15], "rotation": 90, "texture": "#3_0"}
			}
		},
		{
			"from": [-2.54, 11.148, 6.082],
			"to": [-1.02, 14.188, 6.842],
			"rotation": {"angle": 0, "axis": "x", "origin": [8, 2.028, 7.602]},
			"faces": {
				"north": {"uv": [4, 4, 8, 6], "rotation": 270, "texture": "#3_0"},
				"east": {"uv": [13, 11, 9, 10], "rotation": 270, "texture": "#3_0"},
				"south": {"uv": [4, 2, 8, 4], "rotation": 90, "texture": "#3_0"},
				"west": {"uv": [15, 6, 11, 7], "rotation": 270, "texture": "#3_0"},
				"up": {"uv": [4, 13, 5, 15], "rotation": 90, "texture": "#3_0"},
				"down": {"uv": [13, 4, 14, 6], "rotation": 90, "texture": "#3_0"}
			}
		},
		{
			"from": [-1.02, 14.188, 6.842],
			"to": [-0.26, 17.228, 8.362],
			"rotation": {"angle": 0, "axis": "x", "origin": [8, 2.028, 7.602]},
			"faces": {
				"north": {"uv": [3, 12, 7, 13], "rotation": 270, "texture": "#3_0"},
				"east": {"uv": [14, 2, 10, 0], "rotation": 270, "texture": "#3_0"},
				"south": {"uv": [11, 9, 15, 10], "rotation": 90, "texture": "#3_0"},
				"west": {"uv": [6, 10, 2, 12], "rotation": 270, "texture": "#3_0"},
				"up": {"uv": [14, 4, 16, 5], "rotation": 90, "texture": "#3_0"},
				"down": {"uv": [14, 5, 16, 6], "rotation": 90, "texture": "#3_0"}
			}
		},
		{
			"from": [-3.3, 13.428, 6.842],
			"to": [-0.26, 14.188, 8.362],
			"rotation": {"angle": 0, "axis": "x", "origin": [8, 2.028, 7.602]},
			"faces": {
				"north": {"uv": [2, 12, 3, 16], "rotation": 270, "texture": "#3_0"},
				"east": {"uv": [15, 2, 14, 0], "rotation": 270, "texture": "#3_0"},
				"south": {"uv": [1, 12, 2, 16], "rotation": 90, "texture": "#3_0"},
				"west": {"uv": [15, 2, 14, 4], "rotation": 270, "texture": "#3_0"},
				"up": {"uv": [6, 8, 8, 12], "rotation": 90, "texture": "#3_0"},
				"down": {"uv": [8, 6, 10, 10], "rotation": 90, "texture": "#3_0"}
			}
		},
		{
			"from": [-3.3, 14.188, 6.842],
			"to": [-2.54, 17.228, 8.362],
			"rotation": {"angle": 0, "axis": "x", "origin": [8, 2.028, 7.602]},
			"faces": {
				"north": {"uv": [11, 8, 15, 9], "rotation": 270, "texture": "#3_0"},
				"east": {"uv": [6, 10, 2, 8], "rotation": 270, "texture": "#3_0"},
				"south": {"uv": [11, 7, 15, 8], "rotation": 90, "texture": "#3_0"},
				"west": {"uv": [12, 4, 8, 6], "rotation": 270, "texture": "#3_0"},
				"up": {"uv": [13, 12, 15, 13], "rotation": 90, "texture": "#3_0"},
				"down": {"uv": [13, 13, 15, 14], "rotation": 90, "texture": "#3_0"}
			}
		},
		{
			"from": [-3.3, 17.228, 6.842],
			"to": [-0.26, 17.988, 8.362],
			"rotation": {"angle": 0, "axis": "x", "origin": [8, 2.028, 7.602]},
			"faces": {
				"north": {"uv": [0, 12, 1, 16], "rotation": 270, "texture": "#3_0"},
				"east": {"uv": [14, 12, 13, 10], "rotation": 270, "texture": "#3_0"},
				"south": {"uv": [11, 11, 12, 15], "rotation": 90, "texture": "#3_0"},
				"west": {"uv": [13, 13, 12, 15], "rotation": 270, "texture": "#3_0"},
				"up": {"uv": [0, 8, 2, 12], "rotation": 90, "texture": "#3_0"},
				"down": {"uv": [8, 0, 10, 4], "rotation": 90, "texture": "#3_0"}
			}
		},
		{
			"from": [-10.00861, 5.00041, 6.082],
			"to": [-8.48861, 5.76041, 9.122],
			"rotation": {"angle": -45, "axis": "z", "origin": [8, 2.028, 7.602]},
			"faces": {
				"north": {"uv": [7, 12, 8, 14], "rotation": 270, "texture": "#3_0"},
				"east": {"uv": [11, 10, 10, 6], "rotation": 270, "texture": "#3_0"},
				"south": {"uv": [12, 4, 13, 6], "rotation": 90, "texture": "#3_0"},
				"west": {"uv": [9, 10, 8, 14], "rotation": 270, "texture": "#3_0"},
				"up": {"uv": [0, 0, 4, 2], "rotation": 90, "texture": "#3_0"},
				"down": {"uv": [0, 2, 4, 4], "rotation": 90, "texture": "#3_0"}
			}
		},
		{
			"from": [-10.00861, 8.80041, 6.082],
			"to": [-8.48861, 9.56041, 9.122],
			"rotation": {"angle": -45, "axis": "z", "origin": [8, 2.028, 7.602]},
			"faces": {
				"north": {"uv": [6, 13, 7, 15], "rotation": 270, "texture": "#3_0"},
				"east": {"uv": [10, 15, 9, 11], "rotation": 270, "texture": "#3_0"},
				"south": {"uv": [5, 13, 6, 15], "rotation": 90, "texture": "#3_0"},
				"west": {"uv": [11, 11, 10, 15], "rotation": 270, "texture": "#3_0"},
				"up": {"uv": [0, 6, 4, 8], "rotation": 90, "texture": "#3_0"},
				"down": {"uv": [4, 6, 8, 8], "rotation": 90, "texture": "#3_0"}
			}
		},
		{
			"from": [-10.00861, 5.76041, 8.362],
			"to": [-8.48861, 8.80041, 9.122],
			"rotation": {"angle": -45, "axis": "z", "origin": [8, 2.028, 7.602]},
			"faces": {
				"north": {"uv": [4, 0, 8, 2], "rotation": 270, "texture": "#3_0"},
				"east": {"uv": [14, 3, 10, 2], "rotation": 270, "texture": "#3_0"},
				"south": {"uv": [0, 4, 4, 6], "rotation": 90, "texture": "#3_0"},
				"west": {"uv": [14, 3, 10, 4], "rotation": 270, "texture": "#3_0"},
				"up": {"uv": [12, 11, 13, 13], "rotation": 90, "texture": "#3_0"},
				"down": {"uv": [3, 13, 4, 15], "rotation": 90, "texture": "#3_0"}
			}
		},
		{
			"from": [-10.00861, 5.76041, 6.082],
			"to": [-8.48861, 8.80041, 6.842],
			"rotation": {"angle": -45, "axis": "z", "origin": [8, 2.028, 7.602]},
			"faces": {
				"north": {"uv": [4, 4, 8, 6], "rotation": 270, "texture": "#3_0"},
				"east": {"uv": [13, 11, 9, 10], "rotation": 270, "texture": "#3_0"},
				"south": {"uv": [4, 2, 8, 4], "rotation": 90, "texture": "#3_0"},
				"west": {"uv": [15, 6, 11, 7], "rotation": 270, "texture": "#3_0"},
				"up": {"uv": [4, 13, 5, 15], "rotation": 90, "texture": "#3_0"},
				"down": {"uv": [13, 4, 14, 6], "rotation": 90, "texture": "#3_0"}
			}
		},
		{
			"from": [7.54043, 19.61701, 6.942],
			"to": [10.58043, 20.37701, 8.462],
			"rotation": {"angle": 22.5, "axis": "z", "origin": [8, 2.028, 7.602]},
			"faces": {
				"north": {"uv": [3, 12, 7, 13], "rotation": 180, "texture": "#3_0"},
				"east": {"uv": [14, 4, 16, 5], "rotation": 180, "texture": "#3_0"},
				"south": {"uv": [11, 9, 15, 10], "rotation": 180, "texture": "#3_0"},
				"west": {"uv": [14, 5, 16, 6], "rotation": 180, "texture": "#3_0"},
				"up": {"uv": [6, 10, 2, 12], "texture": "#3_0"},
				"down": {"uv": [14, 2, 10, 0], "texture": "#3_0"}
			}
		},
		{
			"from": [6.78043, 19.61701, 6.942],
			"to": [7.54043, 22.65701, 8.462],
			"rotation": {"angle": 22.5, "axis": "z", "origin": [8, 2.028, 7.602]},
			"faces": {
				"north": {"uv": [2, 12, 3, 16], "rotation": 180, "texture": "#3_0"},
				"east": {"uv": [6, 8, 8, 12], "rotation": 180, "texture": "#3_0"},
				"south": {"uv": [1, 12, 2, 16], "rotation": 180, "texture": "#3_0"},
				"west": {"uv": [8, 6, 10, 10], "rotation": 180, "texture": "#3_0"},
				"up": {"uv": [15, 2, 14, 4], "texture": "#3_0"},
				"down": {"uv": [15, 2, 14, 0], "texture": "#3_0"}
			}
		},
		{
			"from": [7.54043, 21.89701, 6.942],
			"to": [10.58043, 22.65701, 8.462],
			"rotation": {"angle": 22.5, "axis": "z", "origin": [8, 2.028, 7.602]},
			"faces": {
				"north": {"uv": [11, 8, 15, 9], "rotation": 180, "texture": "#3_0"},
				"east": {"uv": [13, 12, 15, 13], "rotation": 180, "texture": "#3_0"},
				"south": {"uv": [11, 7, 15, 8], "rotation": 180, "texture": "#3_0"},
				"west": {"uv": [13, 13, 15, 14], "rotation": 180, "texture": "#3_0"},
				"up": {"uv": [12, 4, 8, 6], "texture": "#3_0"},
				"down": {"uv": [6, 10, 2, 8], "texture": "#3_0"}
			}
		},
		{
			"from": [10.58043, 19.61701, 6.842],
			"to": [11.34043, 22.65701, 8.362],
			"rotation": {"angle": 22.5, "axis": "z", "origin": [8, 2.028, 7.602]},
			"faces": {
				"north": {"uv": [0, 12, 1, 16], "rotation": 180, "texture": "#3_0"},
				"east": {"uv": [0, 8, 2, 12], "rotation": 180, "texture": "#3_0"},
				"south": {"uv": [11, 11, 12, 15], "rotation": 180, "texture": "#3_0"},
				"west": {"uv": [8, 0, 10, 4], "rotation": 180, "texture": "#3_0"},
				"up": {"uv": [13, 13, 12, 15], "texture": "#3_0"},
				"down": {"uv": [14, 12, 13, 10], "texture": "#3_0"}
			}
		},
		{
			"from": [-4.83948, 16.46262, 6.082],
			"to": [-4.07948, 17.98262, 9.122],
			"rotation": {"angle": -22.5, "axis": "z", "origin": [8, 2.028, 7.602]},
			"faces": {
				"north": {"uv": [7, 12, 8, 14], "rotation": 180, "texture": "#3_0"},
				"east": {"uv": [0, 0, 4, 2], "rotation": 180, "texture": "#3_0"},
				"south": {"uv": [12, 4, 13, 6], "rotation": 180, "texture": "#3_0"},
				"west": {"uv": [0, 2, 4, 4], "rotation": 180, "texture": "#3_0"},
				"up": {"uv": [9, 10, 8, 14], "texture": "#3_0"},
				"down": {"uv": [11, 10, 10, 6], "texture": "#3_0"}
			}
		},
		{
			"from": [-1.03948, 16.46262, 6.082],
			"to": [-0.27948, 17.98262, 9.122],
			"rotation": {"angle": -22.5, "axis": "z", "origin": [8, 2.028, 7.602]},
			"faces": {
				"north": {"uv": [6, 13, 7, 15], "rotation": 180, "texture": "#3_0"},
				"east": {"uv": [0, 6, 4, 8], "rotation": 180, "texture": "#3_0"},
				"south": {"uv": [5, 13, 6, 15], "rotation": 180, "texture": "#3_0"},
				"west": {"uv": [4, 6, 8, 8], "rotation": 180, "texture": "#3_0"},
				"up": {"uv": [11, 11, 10, 15], "texture": "#3_0"},
				"down": {"uv": [10, 15, 9, 11], "texture": "#3_0"}
			}
		},
		{
			"from": [-4.07948, 16.46262, 8.362],
			"to": [-1.03948, 17.98262, 9.122],
			"rotation": {"angle": -22.5, "axis": "z", "origin": [8, 2.028, 7.602]},
			"faces": {
				"north": {"uv": [4, 0, 8, 2], "rotation": 180, "texture": "#3_0"},
				"east": {"uv": [12, 11, 13, 13], "rotation": 180, "texture": "#3_0"},
				"south": {"uv": [0, 4, 4, 6], "rotation": 180, "texture": "#3_0"},
				"west": {"uv": [3, 13, 4, 15], "rotation": 180, "texture": "#3_0"},
				"up": {"uv": [14, 3, 10, 4], "texture": "#3_0"},
				"down": {"uv": [14, 3, 10, 2], "texture": "#3_0"}
			}
		},
		{
			"from": [-4.07948, 16.46262, 6.082],
			"to": [-1.03948, 17.98262, 6.842],
			"rotation": {"angle": -22.5, "axis": "z", "origin": [8, 2.028, 7.602]},
			"faces": {
				"north": {"uv": [4, 4, 8, 6], "rotation": 180, "texture": "#3_0"},
				"east": {"uv": [4, 13, 5, 15], "rotation": 180, "texture": "#3_0"},
				"south": {"uv": [4, 2, 8, 4], "rotation": 180, "texture": "#3_0"},
				"west": {"uv": [13, 4, 14, 6], "rotation": 180, "texture": "#3_0"},
				"up": {"uv": [15, 6, 11, 7], "texture": "#3_0"},
				"down": {"uv": [13, 11, 9, 10], "texture": "#3_0"}
			}
		},
		{
			"from": [11.90058, 16.8197, 6.082],
			"to": [13.42058, 17.5797, 9.122],
			"rotation": {"angle": 22.5, "axis": "z", "origin": [8, 2.028, 7.602]},
			"faces": {
				"north": {"uv": [7, 12, 8, 14], "rotation": 90, "texture": "#3_0"},
				"east": {"uv": [9, 10, 8, 14], "rotation": 90, "texture": "#3_0"},
				"south": {"uv": [12, 4, 13, 6], "rotation": 270, "texture": "#3_0"},
				"west": {"uv": [11, 10, 10, 6], "rotation": 90, "texture": "#3_0"},
				"up": {"uv": [0, 2, 4, 4], "rotation": 270, "texture": "#3_0"},
				"down": {"uv": [0, 0, 4, 2], "rotation": 270, "texture": "#3_0"}
			}
		},
		{
			"from": [11.90058, 13.0197, 6.082],
			"to": [13.42058, 13.7797, 9.122],
			"rotation": {"angle": 22.5, "axis": "z", "origin": [8, 2.028, 7.602]},
			"faces": {
				"north": {"uv": [6, 13, 7, 15], "rotation": 90, "texture": "#3_0"},
				"east": {"uv": [11, 11, 10, 15], "rotation": 90, "texture": "#3_0"},
				"south": {"uv": [5, 13, 6, 15], "rotation": 270, "texture": "#3_0"},
				"west": {"uv": [10, 15, 9, 11], "rotation": 90, "texture": "#3_0"},
				"up": {"uv": [4, 6, 8, 8], "rotation": 270, "texture": "#3_0"},
				"down": {"uv": [0, 6, 4, 8], "rotation": 270, "texture": "#3_0"}
			}
		},
		{
			"from": [11.90058, 13.7797, 8.362],
			"to": [13.42058, 16.8197, 9.122],
			"rotation": {"angle": 22.5, "axis": "z", "origin": [8, 2.028, 7.602]},
			"faces": {
				"north": {"uv": [4, 0, 8, 2], "rotation": 90, "texture": "#3_0"},
				"east": {"uv": [14, 3, 10, 4], "rotation": 90, "texture": "#3_0"},
				"south": {"uv": [0, 4, 4, 6], "rotation": 270, "texture": "#3_0"},
				"west": {"uv": [14, 3, 10, 2], "rotation": 90, "texture": "#3_0"},
				"up": {"uv": [3, 13, 4, 15], "rotation": 270, "texture": "#3_0"},
				"down": {"uv": [12, 11, 13, 13], "rotation": 270, "texture": "#3_0"}
			}
		},
		{
			"from": [11.90058, 13.7797, 6.082],
			"to": [13.42058, 16.8197, 6.842],
			"rotation": {"angle": 22.5, "axis": "z", "origin": [8, 2.028, 7.602]},
			"faces": {
				"north": {"uv": [4, 4, 8, 6], "rotation": 90, "texture": "#3_0"},
				"east": {"uv": [15, 6, 11, 7], "rotation": 90, "texture": "#3_0"},
				"south": {"uv": [4, 2, 8, 4], "rotation": 270, "texture": "#3_0"},
				"west": {"uv": [13, 11, 9, 10], "rotation": 90, "texture": "#3_0"},
				"up": {"uv": [13, 4, 14, 6], "rotation": 270, "texture": "#3_0"},
				"down": {"uv": [4, 13, 5, 15], "rotation": 270, "texture": "#3_0"}
			}
		},
		{
			"from": [-6.74709, 10.59483, 6.842],
			"to": [-3.70709, 11.35483, 8.362],
			"rotation": {"angle": -45, "axis": "z", "origin": [8, 2.028, 7.602]},
			"faces": {
				"north": {"uv": [3, 12, 7, 13], "rotation": 180, "texture": "#3_0"},
				"east": {"uv": [14, 4, 16, 5], "rotation": 180, "texture": "#3_0"},
				"south": {"uv": [11, 9, 15, 10], "rotation": 180, "texture": "#3_0"},
				"west": {"uv": [14, 5, 16, 6], "rotation": 180, "texture": "#3_0"},
				"up": {"uv": [6, 10, 2, 12], "texture": "#3_0"},
				"down": {"uv": [14, 2, 10, 0], "texture": "#3_0"}
			}
		},
		{
			"from": [-7.50709, 10.59483, 6.842],
			"to": [-6.74709, 13.63483, 8.362],
			"rotation": {"angle": -45, "axis": "z", "origin": [8, 2.028, 7.602]},
			"faces": {
				"north": {"uv": [2, 12, 3, 16], "rotation": 180, "texture": "#3_0"},
				"east": {"uv": [6, 8, 8, 12], "rotation": 180, "texture": "#3_0"},
				"south": {"uv": [1, 12, 2, 16], "rotation": 180, "texture": "#3_0"},
				"west": {"uv": [8, 6, 10, 10], "rotation": 180, "texture": "#3_0"},
				"up": {"uv": [15, 2, 14, 4], "texture": "#3_0"},
				"down": {"uv": [15, 2, 14, 0], "texture": "#3_0"}
			}
		},
		{
			"from": [-6.74709, 12.87483, 6.842],
			"to": [-3.70709, 13.63483, 8.362],
			"rotation": {"angle": -45, "axis": "z", "origin": [8, 2.028, 7.602]},
			"faces": {
				"north": {"uv": [11, 8, 15, 9], "rotation": 180, "texture": "#3_0"},
				"east": {"uv": [13, 12, 15, 13], "rotation": 180, "texture": "#3_0"},
				"south": {"uv": [11, 7, 15, 8], "rotation": 180, "texture": "#3_0"},
				"west": {"uv": [13, 13, 15, 14], "rotation": 180, "texture": "#3_0"},
				"up": {"uv": [12, 4, 8, 6], "texture": "#3_0"},
				"down": {"uv": [6, 10, 2, 8], "texture": "#3_0"}
			}
		},
		{
			"from": [-3.70709, 10.59483, 6.842],
			"to": [-2.94709, 13.63483, 8.362],
			"rotation": {"angle": -45, "axis": "z", "origin": [8, 2.028, 7.602]},
			"faces": {
				"north": {"uv": [0, 12, 1, 16], "rotation": 180, "texture": "#3_0"},
				"east": {"uv": [0, 8, 2, 12], "rotation": 180, "texture": "#3_0"},
				"south": {"uv": [11, 11, 12, 15], "rotation": 180, "texture": "#3_0"},
				"west": {"uv": [8, 0, 10, 4], "rotation": 180, "texture": "#3_0"},
				"up": {"uv": [13, 13, 12, 15], "texture": "#3_0"},
				"down": {"uv": [14, 12, 13, 10], "texture": "#3_0"}
			}
		},
		{
			"from": [6.898, 0, 6.602],
			"to": [8.898, 9, 8.602],
			"rotation": {"angle": 0, "axis": "y", "origin": [8, 2.028, 7.602]},
			"faces": {
				"north": {"uv": [2, 0, 4, 9], "texture": "#0"},
				"east": {"uv": [4, 0, 6, 9], "texture": "#0"},
				"south": {"uv": [6, 0, 8, 9], "texture": "#0"},
				"west": {"uv": [0, 0, 2, 9], "texture": "#0"},
				"up": {"uv": [4, 11, 2, 9], "rotation": 270, "texture": "#0"},
				"down": {"uv": [6, 9, 4, 11], "rotation": 90, "texture": "#0"}
			}
		},
		{
			"from": [6.898, 11, 6.602],
			"to": [8.898, 15, 8.602],
			"rotation": {"angle": 0, "axis": "y", "origin": [8, 2.028, 7.602]},
			"faces": {
				"north": {"uv": [8, 4, 10, 8], "texture": "#0"},
				"east": {"uv": [8, 8, 10, 12], "texture": "#0"},
				"south": {"uv": [0, 9, 2, 13], "texture": "#0"},
				"west": {"uv": [8, 0, 10, 4], "texture": "#0"},
				"up": {"uv": [8, 11, 6, 9], "rotation": 270, "texture": "#0"},
				"down": {"uv": [12, 0, 10, 2], "rotation": 90, "texture": "#0"}
			}
		},
		{
			"from": [7.298, 8.9, 7.002],
			"to": [8.498, 11.1, 8.202],
			"rotation": {"angle": 0, "axis": "y", "origin": [8, 2.028, 7.602]},
			"faces": {
				"north": {"uv": [10, 4, 11, 6], "texture": "#0"},
				"east": {"uv": [10, 6, 11, 8], "texture": "#0"},
				"south": {"uv": [10, 8, 11, 10], "texture": "#0"},
				"west": {"uv": [10, 2, 11, 4], "texture": "#0"},
				"up": {"uv": [11, 11, 10, 10], "rotation": 270, "texture": "#0"},
				"down": {"uv": [3, 11, 2, 12], "rotation": 90, "texture": "#0"}
			}
		}
	],
	"display": {
		"thirdperson_righthand": {
			"rotation": [22, -90, -4],
			"translation": [0, 0.25, 3.5],
			"scale": [0.85, 0.85, 0.85]
		},
		"thirdperson_lefthand": {
			"rotation": [22, 90, -4],
			"translation": [0, 0.25, 3.5],
			"scale": [0.85, 0.85, 0.85]
		},
		"firstperson_righthand": {
			"rotation": [0, -90, 25],
			"translation": [1.13, 3.2, 1.13],
			"scale": [0.68, 0.68, 0.68]
		},
		"firstperson_lefthand": {
			"rotation": [0, 90, -25],
			"translation": [1.13, 3.2, 1.13],
			"scale": [0.68, 0.68, 0.68]
		},
		"ground": {
			"rotation": [90, 0, 0],
			"translation": [4.5, -1, 0],
			"scale": [0.75, 0.75, 0.75]
		},
		"gui": {
			"rotation": [-33, 150, 53],
			"translation": [-2.75, 2.5, 0],
			"scale": [0.73, 0.73, 0.73]
		},
		"head": {
			"scale": [1.35, 1.35, 1.35]
		}
	},
	"groups": [
		{
			"name": "chain_ball",
			"origin": [8, 8, 8],
			"color": 0,
			"children": [0, 1, 2, 3, 4, 5, 6, 7, 8, 9, 10, 11, 12, 13, 14, 15, 16, 17, 18]
		},
		{
			"name": "chain_part",
			"origin": [8, 8, 8],
			"color": 0,
			"children": [19, 20, 21, 22, 23, 24, 25, 26]
		},
		{
			"name": "chain_part",
			"origin": [8, 8, 8],
			"color": 0,
			"children": [27, 28, 29, 30, 31, 32, 33, 34]
		},
		{
			"name": "chain_part",
			"origin": [8, 8, 8],
			"color": 0,
			"children": [35, 36, 37, 38, 39, 40, 41, 42]
		},
		{
			"name": "chain_part",
			"origin": [8, 8, 8],
			"color": 0,
			"children": [43, 44, 45, 46, 47, 48, 49, 50, 51, 52, 53, 54]
		},
		{
			"name": "chain_handle",
			"origin": [8, 8, 8],
			"color": 0,
			"children": [55, 56, 57]
		}
	]
}