{
	"credit": "Wackyblockium",
	"texture_size": [64, 32],
	"textures": {
		"0": "models/armor/chainmail_layer_1"
	},
	"elements": [
		{
			"name": "layer",
			"from": [3, 3, 3],
			"to": [13, 13, 13],
			"rotation": {"angle": 0, "axis": "y", "origin": [8, 11, 8]},
			"faces": {
				"north": {"uv": [2, 4, 4, 8], "texture": "#0"},
				"east": {"uv": [0, 4, 2, 8], "texture": "#0"},
				"south": {"uv": [6, 4, 8, 8], "texture": "#0"},
				"west": {"uv": [4, 4, 6, 8], "texture": "#0"},
				"up": {"uv": [4, 4, 2, 0], "texture": "#0"},
				"down": {"uv": [6, 0, 4, 4], "texture": "#0"}
			}
		},
		{
			"name": "layer",
			"from": [2.5, 2.5, 2.5],
			"to": [13.5, 13.5, 13.5],
			"rotation": {"angle": 0, "axis": "y", "origin": [8, 11, 8]},
			"faces": {
				"north": {"uv": [10, 4, 12, 8], "texture": "#0"},
				"east": {"uv": [8, 4, 10, 8], "texture": "#0"},
				"south": {"uv": [14, 4, 16, 8], "texture": "#0"},
				"west": {"uv": [12, 4, 14, 8], "texture": "#0"},
				"up": {"uv": [12, 4, 10, 0], "texture": "#0"},
				"down": {"uv": [14, 0, 12, 4], "texture": "#0"}
			}
		},
		{
			"name": "layer inverted",
			"from": [13.5, 13.5, 13.5],
			"to": [2.5, 2.5, 2.5],
			"rotation": {"angle": 0, "axis": "y", "origin": [-8, -11, -8]},
			"faces": {
				"north": {"uv": [14, 8, 16, 4], "texture": "#0"},
				"east": {"uv": [12, 8, 14, 4], "texture": "#0"},
				"south": {"uv": [10, 8, 12, 4], "texture": "#0"},
				"west": {"uv": [8, 8, 10, 4], "texture": "#0"},
				"up": {"uv": [12, 0, 14, 4], "texture": "#0"},
				"down": {"uv": [10, 4, 12, 0], "texture": "#0"}
			}
		},
		{
			"name": "layer inverted",
			"from": [13, 13, 13],
			"to": [3, 3, 3],
			"rotation": {"angle": 0, "axis": "y", "origin": [-8, -11, -8]},
			"faces": {
				"north": {"uv": [6, 8, 8, 4], "texture": "#0"},
				"east": {"uv": [4, 8, 6, 4], "texture": "#0"},
				"south": {"uv": [2, 8, 4, 4], "texture": "#0"},
				"west": {"uv": [0, 8, 2, 4], "texture": "#0"},
				"up": {"uv": [4, 0, 6, 4], "texture": "#0"},
				"down": {"uv": [2, 4, 4, 0], "texture": "#0"}
			}
		}
	],
	"display": {
		"thirdperson_righthand": {
			"rotation": [75, 25, 0],
			"translation": [-0.75, -0.75, -0.5],
			"scale": [0.64, 0.64, 0.64]
		},
		"thirdperson_lefthand": {
			"rotation": [75, 25, 0],
			"translation": [-0.75, -0.75, -0.5],
			"scale": [0.64, 0.64, 0.64]
		},
		"firstperson_righthand": {
			"rotation": [-10, 114, 0],
			"translation": [2, 2, 0],
			"scale": [0.61, 0.61, 0.61]
		},
		"firstperson_lefthand": {
			"rotation": [-10, 114, 0],
			"translation": [2, 2, 0],
			"scale": [0.61, 0.61, 0.61]
		},
		"ground": {
			"rotation": [90, 0, 0],
			"translation": [0, 0, -0.75],
			"scale": [0.64, 0.64, 0.64]
		},
		"gui": {
			"rotation": [23, -136, -10],
			"translation": [0.5, -2, 0],
			"scale": [0.88, 0.88, 0.88]
		},
		"fixed": {
			"scale": [0.5, 0.5, 0.5]
		}
	},
	"groups": [
		{
			"name": "armor_main",
			"origin": [0, 0, 0],
			"color": 0,
			"children": [
				{
					"name": "Head",
					"origin": [0, 29, 0],
					"color": 0,
					"children": [0, 1, 2, 3]
				}
			]
		}
	]
}