{
	"credit": "Made with Blockbench",
	"texture_size": [32, 32],
	"textures": {
		"0": "block/pufferslab",
		"particle": "block/pufferslab"
	},
	"elements": [
		{
			"from": [3, 0, 3],
			"to": [13, 5, 13],
			"faces": {
				"north": {"uv": [5, 0, 10, 2.5], "texture": "#0"},
				"east": {"uv": [5, 2.5, 10, 5], "texture": "#0"},
				"south": {"uv": [5, 5, 10, 7.5], "texture": "#0"},
				"west": {"uv": [5, 7.5, 10, 10], "texture": "#0"},
				"up": {"uv": [5, 5, 0, 0], "texture": "#0"},
				"down": {"uv": [5, 5, 0, 10], "texture": "#0"}
			}
		},
		{
			"from": [3, 4.96194, 2.80866],
			"to": [13, 5.96194, 2.80866],
			"rotation": {"angle": -22.5, "axis": "x", "origin": [8, 5.46194, 2.80866]},
			"faces": {
				"north": {"uv": [0, 10, 5, 10.5], "texture": "#0"},
				"east": {"uv": [0, 0, 0, 0.5], "texture": "#0"},
				"south": {"uv": [10, 0, 15, 0.5], "texture": "#0"},
				"west": {"uv": [0, 0, 0, 0.5], "texture": "#0"},
				"up": {"uv": [5, 0, 0, 0], "texture": "#0"},
				"down": {"uv": [5, 0, 0, 0], "texture": "#0"}
			}
		},
		{
			"from": [1, 3, 7],
			"to": [3, 4, 10],
			"faces": {
				"north": {"uv": [3, 10.5, 4, 11], "texture": "#0"},
				"east": {"uv": [9.5, 10, 11, 10.5], "texture": "#0"},
				"south": {"uv": [4, 10.5, 5, 11], "texture": "#0"},
				"up": {"uv": [11, 4, 10, 2.5], "texture": "#0"}
			}
		},
		{
			"from": [2.0765, 0, 2.61639],
			"to": [3.0765, 5, 2.61639],
			"rotation": {"angle": -22.5, "axis": "y", "origin": [2.0765, 2.5, 2.61639]},
			"faces": {
				"north": {"uv": [6, 10, 6.5, 12.5], "texture": "#0"},
				"east": {"uv": [0, 0, 0, 2.5], "texture": "#0"},
				"south": {"uv": [6.5, 10, 7, 12.5], "texture": "#0"},
				"west": {"uv": [0, 0, 0, 2.5], "texture": "#0"},
				"up": {"uv": [0.5, 0, 0, 0], "texture": "#0"},
				"down": {"uv": [0.5, 0, 0, 0], "texture": "#0"}
			}
		},
		{
			"from": [2.0765, 0, 6.61639],
			"to": [3.0765, 5, 6.61639],
			"rotation": {"angle": -22.5, "axis": "y", "origin": [2.0765, 2.5, 6.61639]},
			"faces": {
				"north": {"uv": [6, 10, 6.5, 12.5], "texture": "#0"},
				"east": {"uv": [0, 0, 0, 2.5], "texture": "#0"},
				"south": {"uv": [6.5, 10, 7, 12.5], "texture": "#0"},
				"west": {"uv": [0, 0, 0, 2.5], "texture": "#0"},
				"up": {"uv": [0.5, 0, 0, 0], "texture": "#0"},
				"down": {"uv": [0.5, 0, 0, 0], "texture": "#0"}
			}
		},
		{
			"from": [12.9235, 0, 2.61639],
			"to": [13.9235, 5, 2.61639],
			"rotation": {"angle": 22.5, "axis": "y", "origin": [13.9235, 2.5, 2.61639]},
			"faces": {
				"north": {"uv": [7, 10, 7.5, 12.5], "texture": "#0"},
				"east": {"uv": [0, 0, 0, 2.5], "texture": "#0"},
				"south": {"uv": [10, 7, 10.5, 9.5], "texture": "#0"},
				"west": {"uv": [0, 0, 0, 2.5], "texture": "#0"},
				"up": {"uv": [0.5, 0, 0, 0], "texture": "#0"},
				"down": {"uv": [0.5, 0, 0, 0], "texture": "#0"}
			}
		},
		{
			"from": [12.9235, 0, 6.61639],
			"to": [13.9235, 5, 6.61639],
			"rotation": {"angle": 22.5, "axis": "y", "origin": [13.9235, 2.5, 6.61639]},
			"faces": {
				"north": {"uv": [7, 10, 7.5, 12.5], "texture": "#0"},
				"east": {"uv": [0, 0, 0, 2.5], "texture": "#0"},
				"south": {"uv": [10, 7, 10.5, 9.5], "texture": "#0"},
				"west": {"uv": [0, 0, 0, 2.5], "texture": "#0"},
				"up": {"uv": [0.5, 0, 0, 0], "texture": "#0"},
				"down": {"uv": [0.5, 0, 0, 0], "texture": "#0"}
			}
		},
		{
			"from": [3, 4.96194, 13.19134],
			"to": [13, 5.96194, 13.19134],
			"rotation": {"angle": 22.5, "axis": "x", "origin": [8, 5.46194, 13.19134]},
			"faces": {
				"north": {"uv": [10, 0, 15, 0.5], "texture": "#0"},
				"east": {"uv": [0, 0, 0, 0.5], "texture": "#0"},
				"south": {"uv": [0, 10, 5, 10.5], "texture": "#0"},
				"west": {"uv": [0, 0, 0, 0.5], "texture": "#0"},
				"up": {"uv": [0, 0, 5, 0], "texture": "#0"},
				"down": {"uv": [0, 0, 5, 0], "texture": "#0"}
			}
		},
		{
			"from": [2.0765, 0, 13.38361],
			"to": [3.0765, 5, 13.38361],
			"rotation": {"angle": 22.5, "axis": "y", "origin": [2.0765, 2.5, 13.38361]},
			"faces": {
				"north": {"uv": [10, 7, 10.5, 9.5], "texture": "#0"},
				"east": {"uv": [0, 0, 0, 2.5], "texture": "#0"},
				"south": {"uv": [7, 10, 7.5, 12.5], "texture": "#0"},
				"west": {"uv": [0, 0, 0, 2.5], "texture": "#0"},
				"up": {"uv": [0, 0, 0.5, 0], "texture": "#0"},
				"down": {"uv": [0, 0, 0.5, 0], "texture": "#0"}
			}
		},
		{
			"from": [12.9235, 0, 13.38361],
			"to": [13.9235, 5, 13.38361],
			"rotation": {"angle": -22.5, "axis": "y", "origin": [13.9235, 2.5, 13.38361]},
			"faces": {
				"north": {"uv": [6.5, 10, 7, 12.5], "texture": "#0"},
				"east": {"uv": [0, 0, 0, 2.5], "texture": "#0"},
				"south": {"uv": [6, 10, 6.5, 12.5], "texture": "#0"},
				"west": {"uv": [0, 0, 0, 2.5], "texture": "#0"},
				"up": {"uv": [0, 0, 0.5, 0], "texture": "#0"},
				"down": {"uv": [0, 0, 0.5, 0], "texture": "#0"}
			}
		},
		{
			"from": [3, 5, 7],
			"to": [13, 6, 7],
			"rotation": {"angle": 0, "axis": "y", "origin": [0, 0, 1]},
			"faces": {
				"north": {"uv": [10, 1.5, 15, 2], "texture": "#0"},
				"east": {"uv": [0, 0, 0, 0.5], "texture": "#0"},
				"south": {"uv": [10, 2, 15, 2.5], "texture": "#0"},
				"west": {"uv": [0, 0, 0, 0.5], "texture": "#0"},
				"up": {"uv": [5, 0, 0, 0], "texture": "#0"},
				"down": {"uv": [5, 0, 0, 0], "texture": "#0"}
			}
		},
		{
			"from": [3, 5, 11],
			"to": [13, 6, 11],
			"rotation": {"angle": 0, "axis": "y", "origin": [0, 0, 1]},
			"faces": {
				"north": {"uv": [10, 1.5, 15, 2], "texture": "#0"},
				"east": {"uv": [0, 0, 0, 0.5], "texture": "#0"},
				"south": {"uv": [10, 2, 15, 2.5], "texture": "#0"},
				"west": {"uv": [0, 0, 0, 0.5], "texture": "#0"},
				"up": {"uv": [5, 0, 0, 0], "texture": "#0"},
				"down": {"uv": [5, 0, 0, 0], "texture": "#0"}
			}
		},
		{
			"from": [13, 3, 7],
			"to": [15, 4, 10],
			"faces": {
				"north": {"uv": [10.5, 7, 11.5, 7.5], "texture": "#0"},
				"south": {"uv": [10.5, 7.5, 11.5, 8], "texture": "#0"},
				"west": {"uv": [1.5, 10.5, 3, 11], "texture": "#0"},
				"up": {"uv": [6, 11.5, 5, 10], "texture": "#0"}
			}
		}
	],
	"display": {
		"gui": {
			"rotation": [30, 225, 0],
			"translation": [0, 3.5, 0],
			"scale": [0.93, 0.93, 0.93]
		},
		"head": {
			"translation": [0, 18, 0],
			"scale": [1.48, 1.48, 1.48]
		}
	}
}