{
	"credit": "Made with Blockbench",
	"texture_size": [64, 64],
	"textures": {
		"0": "item/diamond_sword",
		"particle": "item/diamond_sword"
	},
	"elements": [
		{
			"from": [7, -10, 7],
			"to": [9, -4, 9],
			"rotation": {"angle": 0, "axis": "y", "origin": [7, -11, 7]},
			"faces": {
				"north": {"uv": [2.5, 5.5, 3, 7], "texture": "#0"},
				"east": {"uv": [4.5, 5.75, 5, 7.25], "texture": "#0"},
				"south": {"uv": [5, 5.75, 5.5, 7.25], "texture": "#0"},
				"west": {"uv": [5.5, 5.75, 6, 7.25], "texture": "#0"}
			}
		},
		{
			"from": [7, -3, 7],
			"to": [9, 2, 9],
			"rotation": {"angle": 0, "axis": "y", "origin": [7, -5, 7]},
			"faces": {
				"north": {"uv": [1.75, 7, 2.25, 8.25], "texture": "#0"},
				"east": {"uv": [2.25, 7, 2.75, 8.25], "texture": "#0"},
				"south": {"uv": [2.75, 7, 3.25, 8.25], "texture": "#0"},
				"west": {"uv": [7, 5.25, 7.5, 6.5], "texture": "#0"}
			}
		},
		{
			"from": [1.25, -3, 7.5],
			"to": [2.25, 3, 8.5],
			"rotation": {"angle": 0, "axis": "y", "origin": [1.25, -4, 7.5]},
			"faces": {
				"north": {"uv": [3, 5.5, 3.25, 7], "texture": "#0"},
				"east": {"uv": [7.25, 7.25, 7.5, 8.75], "texture": "#0"},
				"south": {"uv": [0, 7.5, 0.25, 9], "texture": "#0"},
				"west": {"uv": [0.25, 7.5, 0.5, 9], "texture": "#0"}
			}
		},
		{
			"from": [4, -5, 7.5],
			"to": [5, -3, 8.5],
			"rotation": {"angle": 0, "axis": "y", "origin": [4, -10, 7.5]},
			"faces": {
				"north": {"uv": [7.75, 7.75, 8, 8.25], "texture": "#0"},
				"east": {"uv": [8, 0, 8.25, 0.5], "texture": "#0"},
				"south": {"uv": [8, 4.5, 8.25, 5], "texture": "#0"},
				"west": {"uv": [5, 8, 5.25, 8.5], "texture": "#0"}
			}
		},
		{
			"from": [11, -5, 7.5],
			"to": [12, -3, 8.5],
			"rotation": {"angle": 0, "axis": "y", "origin": [11, -10, 7.5]},
			"faces": {
				"north": {"uv": [5.25, 8, 5.5, 8.5], "texture": "#0"},
				"east": {"uv": [8, 5.25, 8.25, 5.75], "texture": "#0"},
				"south": {"uv": [5.5, 8, 5.75, 8.5], "texture": "#0"},
				"west": {"uv": [5.75, 8, 6, 8.5], "texture": "#0"}
			}
		},
		{
			"from": [13.75, -3, 7.5],
			"to": [14.75, 3, 8.5],
			"rotation": {"angle": 0, "axis": "y", "origin": [14.75, -4, 7.5]},
			"faces": {
				"north": {"uv": [0.5, 7.5, 0.75, 9], "texture": "#0"},
				"east": {"uv": [0.75, 7.5, 1, 9], "texture": "#0"},
				"south": {"uv": [1, 7.5, 1.25, 9], "texture": "#0"},
				"west": {"uv": [1.25, 7.5, 1.5, 9], "texture": "#0"}
			}
		},
		{
			"from": [6, -4.5, 6.5],
			"to": [10, -2.5, 9.5],
			"rotation": {"angle": 0, "axis": "y", "origin": [7, -4.5, 7]},
			"faces": {
				"north": {"uv": [7.25, 0.75, 8.25, 1.25], "texture": "#0"},
				"east": {"uv": [6.25, 5.25, 7, 5.75], "texture": "#0"},
				"south": {"uv": [7.25, 1.25, 8.25, 1.75], "texture": "#0"},
				"west": {"uv": [7.25, 4.5, 8, 5], "texture": "#0"},
				"up": {"uv": [1.75, 6.75, 0.75, 6], "texture": "#0"},
				"down": {"uv": [7, 5.75, 6, 6.5], "texture": "#0"}
			}
		},
		{
			"from": [6, 0.8, 7],
			"to": [13, 2.8, 9],
			"rotation": {"angle": -22.5, "axis": "z", "origin": [7, -5.2, 6.5]},
			"faces": {
				"north": {"uv": [5, 2.25, 6.75, 2.75], "texture": "#0"},
				"east": {"uv": [7.5, 7.25, 8, 7.75], "texture": "#0"},
				"south": {"uv": [5, 2.75, 6.75, 3.25], "texture": "#0"},
				"west": {"uv": [7.75, 2.25, 8.25, 2.75], "texture": "#0"},
				"up": {"uv": [6.25, 5.75, 4.5, 5.25], "texture": "#0"},
				"down": {"uv": [2.5, 5.5, 0.75, 6], "texture": "#0"}
			}
		},
		{
			"from": [3, 0.8, 7],
			"to": [10, 2.8, 9],
			"rotation": {"angle": 22.5, "axis": "z", "origin": [9, -5.2, 6.5]},
			"faces": {
				"north": {"uv": [5.5, 3.25, 7.25, 3.75], "texture": "#0"},
				"east": {"uv": [3.75, 7.75, 4.25, 8.25], "texture": "#0"},
				"south": {"uv": [5.5, 3.75, 7.25, 4.25], "texture": "#0"},
				"west": {"uv": [4.25, 7.75, 4.75, 8.25], "texture": "#0"},
				"up": {"uv": [7.25, 4.75, 5.5, 4.25], "texture": "#0"},
				"down": {"uv": [7.25, 4.75, 5.5, 5.25], "texture": "#0"}
			}
		},
		{
			"from": [4.5, 0, 7.5],
			"to": [11.5, 17, 8.5],
			"rotation": {"angle": 0, "axis": "y", "origin": [6.5, -3, 6]},
			"faces": {
				"north": {"uv": [0, 0, 1.75, 4.25], "texture": "#0"},
				"east": {"uv": [3.25, 4.25, 3.5, 8.5], "texture": "#0"},
				"south": {"uv": [1.75, 0, 0, 4.25], "texture": "#0"},
				"west": {"uv": [4.25, 3.25, 4.5, 7.5], "texture": "#0"},
				"up": {"uv": [6.25, 7.5, 4.5, 7.25], "texture": "#0"}
			}
		},
		{
			"from": [5.5, 0, 6.5],
			"to": [10.5, 3, 9.5],
			"rotation": {"angle": 0, "axis": "y", "origin": [6.5, -3, 6]},
			"faces": {
				"north": {"uv": [5, 0, 6.25, 0.75], "texture": "#0"},
				"east": {"uv": [7, 6.5, 7.75, 7.25], "texture": "#0"},
				"south": {"uv": [5, 0.75, 6.25, 1.5], "texture": "#0"},
				"west": {"uv": [7.25, 0, 8, 0.75], "texture": "#0"},
				"up": {"uv": [6.25, 2.25, 5, 1.5], "texture": "#0"},
				"down": {"uv": [7.25, 8.75, 6, 8], "texture": "#0"}
			}
		},
		{
			"from": [11.5, 0, 8],
			"to": [14.5, 13, 8],
			"rotation": {"angle": 0, "axis": "y", "origin": [16.5, -4, 7.5]},
			"faces": {
				"north": {"uv": [3.5, 0, 4.25, 3.25], "texture": "#0"},
				"east": {"uv": [0, 0, 0, 3.25], "texture": "#0"},
				"south": {"uv": [4.25, 0, 3.5, 3.25], "texture": "#0"},
				"west": {"uv": [0, 0, 0, 3.25], "texture": "#0"}
			}
		},
		{
			"from": [1.5, 0, 8],
			"to": [4.5, 13, 8],
			"rotation": {"angle": 0, "axis": "y", "origin": [5.5, -4, 7.5]},
			"faces": {
				"north": {"uv": [0, 4.25, 0.75, 7.5], "texture": "#0"},
				"east": {"uv": [0, 0, 0, 3.25], "texture": "#0"},
				"south": {"uv": [0.75, 4.25, 0, 7.5], "texture": "#0"},
				"west": {"uv": [0, 0, 0, 3.25], "texture": "#0"}
			}
		},
		{
			"from": [4.98, 14.73, 7.48],
			"to": [10.02, 19.77, 8.52],
			"rotation": {"angle": 45, "axis": "z", "origin": [8, 17.75, 7.5]},
			"faces": {
				"north": {"uv": [0.75, 4.25, 2, 5.5], "texture": "#0"},
				"east": {"uv": [1.5, 7.5, 1.75, 8.75], "texture": "#0"},
				"south": {"uv": [2, 4.25, 0.75, 5.5], "texture": "#0"},
				"up": {"uv": [8.5, 5.25, 7.25, 5], "texture": "#0"}
			}
		},
		{
			"from": [3.80254, -3.63538, 7.02],
			"to": [7.76254, -0.67538, 8.98],
			"rotation": {"angle": -22.5, "axis": "z", "origin": [5.78254, -2.15538, 8]},
			"faces": {
				"north": {"uv": [6.25, 0, 7.25, 0.75], "texture": "#0"},
				"south": {"uv": [6.25, 0.75, 7.25, 1.5], "texture": "#0"},
				"west": {"uv": [6.25, 7.25, 6.75, 8], "texture": "#0"},
				"up": {"uv": [8.25, 2.25, 7.25, 1.75], "texture": "#0"},
				"down": {"uv": [8.25, 3, 7.25, 3.5], "texture": "#0"}
			}
		},
		{
			"from": [8.23746, -3.63538, 7.02],
			"to": [12.19746, -0.67538, 8.98],
			"rotation": {"angle": 22.5, "axis": "z", "origin": [10.21746, -2.15538, 8]},
			"faces": {
				"north": {"uv": [0.75, 6.75, 1.75, 7.5], "texture": "#0"},
				"east": {"uv": [6.75, 7.25, 7.25, 8], "texture": "#0"},
				"south": {"uv": [6.75, 2.25, 7.75, 3], "texture": "#0"},
				"up": {"uv": [8.25, 4, 7.25, 3.5], "texture": "#0"},
				"down": {"uv": [8.25, 4, 7.25, 4.5], "texture": "#0"}
			}
		},
		{
			"from": [6, -14, 6.5],
			"to": [10, -10, 9.5],
			"rotation": {"angle": 0, "axis": "y", "origin": [7, -17, 7.5]},
			"faces": {
				"north": {"uv": [4.5, 3.25, 5.5, 4.25], "texture": "#0"},
				"east": {"uv": [1.75, 6, 2.5, 7], "texture": "#0"},
				"south": {"uv": [4.5, 4.25, 5.5, 5.25], "texture": "#0"},
				"west": {"uv": [3.5, 6.5, 4.25, 7.5], "texture": "#0"},
				"up": {"uv": [7.25, 2.25, 6.25, 1.5], "texture": "#0"},
				"down": {"uv": [7, 6.5, 6, 7.25], "texture": "#0"}
			}
		},
		{
			"from": [7, -13, 7.5],
			"to": [9, -11, 6.5],
			"rotation": {"angle": 0, "axis": "y", "origin": [7, -17, 4.5]},
			"faces": {
				"north": {"uv": [5, 7.5, 5.5, 8], "texture": "#0"},
				"east": {"uv": [6, 7.5, 6.25, 8], "texture": "#0"},
				"west": {"uv": [4.75, 7.75, 5, 8.25], "texture": "#0"},
				"up": {"uv": [7.25, 3.25, 6.75, 3], "texture": "#0"},
				"down": {"uv": [8, 6.25, 7.5, 6.5], "texture": "#0"}
			}
		},
		{
			"from": [7, -13, 9.5],
			"to": [9, -11, 8.5],
			"rotation": {"angle": 0, "axis": "y", "origin": [9, -17, 11.5]},
			"faces": {
				"east": {"uv": [7.75, 6.5, 8, 7], "texture": "#0"},
				"south": {"uv": [7.5, 5.75, 8, 6.25], "texture": "#0"},
				"west": {"uv": [7.5, 7.75, 7.75, 8.25], "texture": "#0"},
				"up": {"uv": [8.25, 3, 7.75, 2.75], "texture": "#0"},
				"down": {"uv": [8.25, 7, 7.75, 7.25], "texture": "#0"}
			}
		}
	],
	"display": {
		"thirdperson_righthand": {
			"rotation": [66, -90, 55],
			"translation": [0, 8.25, 3.25],
			"scale": [0.68, 0.68, 0.68]
		},
		"thirdperson_lefthand": {
			"rotation": [66, -90, 55],
			"translation": [0, 8.25, 3.25],
			"scale": [0.68, 0.68, 0.68]
		},
		"firstperson_righthand": {
			"rotation": [53, -90, 55],
			"translation": [0, 7.75, 3.25],
			"scale": [0.44, 0.44, 0.44]
		},
		"firstperson_lefthand": {
			"rotation": [53, -90, 55],
			"translation": [0, 7.75, 3.25],
			"scale": [0.44, 0.44, 0.44]
		},
		"ground": {
			"rotation": [-90, 0, 0],
			"translation": [0, -1.5, -3.5],
			"scale": [0.57, 0.57, 0.57]
		},
		"gui": {
			"rotation": [-21, -17, -46],
			"translation": [2.25, 2.25, 0],
			"scale": [0.64, 0.64, 0.64]
		}
	}
}