{
	"credit": "Made with Blockbench",
	"texture_size": [64, 32],
	"textures": {
		"0": "models/armor/diamond_layer_1",
		"1": "models/armor/diamond_layer_2"
	},
	"elements": [
		{
			"name": "layer",
			"from": [3.075, 5.975, 4.975],
			"to": [9.125, 13.025, 11.025],
			"shade": false,
			"rotation": {"angle": 0, "axis": "y", "origin": [8, 0, 8]},
			"faces": {
				"north": {"uv": [2, 10, 1, 12.5], "texture": "#0"},
				"up": {"uv": [1, 10, 2, 8], "texture": "#0"}
			}
		},
		{
			"name": "layer inverted",
			"from": [9.125, 13.025, 11.025],
			"to": [3.075, 3.975, 4.975],
			"shade": false,
			"rotation": {"angle": 0, "axis": "y", "origin": [-8, 0, -8]},
			"faces": {
				"south": {"uv": [2, 13.5, 1, 10], "texture": "#0"},
				"down": {"uv": [2, 10, 1, 8], "texture": "#0"}
			}
		},
		{
			"name": "layer",
			"from": [6.9, 6, 5],
			"to": [12.9, 13, 11],
			"rotation": {"angle": 0, "axis": "y", "origin": [8, 0, 8]},
			"faces": {
				"north": {"uv": [1, 10, 2, 12.5], "texture": "#0"},
				"up": {"uv": [2, 10, 1, 8], "texture": "#0"}
			}
		},
		{
			"name": "layer inverted",
			"from": [12.9, 13, 11],
			"to": [6.9, 4, 5],
			"rotation": {"angle": 0, "axis": "y", "origin": [-8, 0, -8]},
			"faces": {
				"south": {"uv": [1, 13.5, 2, 10], "texture": "#0"},
				"down": {"uv": [1, 10, 2, 8], "texture": "#0"}
			}
		},
		{
			"name": "Left Leg Armor",
			"from": [3.6, -0.5, 5.5],
			"to": [8.6, 12.5, 10.5],
			"shade": false,
			"rotation": {"angle": 0, "axis": "y", "origin": [8, 0, 8]},
			"faces": {
				"north": {"uv": [2, 10, 1, 16], "texture": "#1"},
				"east": {"uv": [3, 10, 2, 16], "texture": "#1"},
				"south": {"uv": [4, 10, 3, 16], "texture": "#1"},
				"west": {"uv": [1, 10, 0, 16], "texture": "#1"},
				"up": {"uv": [1, 10, 2, 8], "texture": "#1"},
				"down": {"uv": [2, 8, 3, 10], "texture": "#1"}
			}
		},
		{
			"name": "Left Leg Armor inverted",
			"from": [8.6, 12.5, 10.5],
			"to": [3.6, -0.5, 5.5],
			"shade": false,
			"rotation": {"angle": 0, "axis": "y", "origin": [-8, 0, -8]},
			"faces": {
				"north": {"uv": [4, 16, 3, 10], "texture": "#1"},
				"east": {"uv": [1, 16, 0, 10], "texture": "#1"},
				"south": {"uv": [2, 16, 1, 10], "texture": "#1"},
				"west": {"uv": [3, 16, 2, 10], "texture": "#1"},
				"up": {"uv": [3, 8, 2, 10], "texture": "#1"},
				"down": {"uv": [2, 10, 1, 8], "texture": "#1"}
			}
		},
		{
			"name": "Right Leg Armor",
			"from": [7.4, -0.5, 5.5],
			"to": [12.4, 12.5, 10.5],
			"rotation": {"angle": 0, "axis": "y", "origin": [8, 0, 8]},
			"faces": {
				"north": {"uv": [1, 10, 2, 16], "texture": "#1"},
				"east": {"uv": [0, 10, 1, 16], "texture": "#1"},
				"south": {"uv": [3, 10, 4, 16], "texture": "#1"},
				"west": {"uv": [2, 10, 3, 16], "texture": "#1"},
				"up": {"uv": [2, 10, 1, 8], "texture": "#1"},
				"down": {"uv": [3, 8, 2, 10], "texture": "#1"}
			}
		},
		{
			"name": "Right Leg Armor inverted",
			"from": [12.4, 12.5, 10.5],
			"to": [7.4, -0.5, 5.5],
			"rotation": {"angle": 0, "axis": "y", "origin": [-8, 0, -8]},
			"faces": {
				"north": {"uv": [3, 16, 4, 10], "texture": "#1"},
				"east": {"uv": [2, 16, 3, 10], "texture": "#1"},
				"south": {"uv": [1, 16, 2, 10], "texture": "#1"},
				"west": {"uv": [0, 16, 1, 10], "texture": "#1"},
				"up": {"uv": [2, 8, 3, 10], "texture": "#1"},
				"down": {"uv": [1, 10, 2, 8], "texture": "#1"}
			}
		},
		{
			"name": "Belt",
			"from": [3.24, 11.24, 5.24],
			"to": [12.76, 14.76, 10.76],
			"rotation": {"angle": 0, "axis": "y", "origin": [8, 0, 8]},
			"faces": {
				"north": {"uv": [5, 14.5, 7, 16], "texture": "#1"},
				"east": {"uv": [4, 14.5, 5, 16], "texture": "#1"},
				"south": {"uv": [8, 14.5, 10, 16], "texture": "#1"},
				"west": {"uv": [7, 14.5, 8, 16], "texture": "#1"},
				"down": {"uv": [9, 8, 7, 10], "texture": "#1"}
			}
		},
		{
			"name": "Belt inverted",
			"from": [12.51, 14.51, 10.51],
			"to": [3.49, 11.49, 5.49],
			"rotation": {"angle": 0, "axis": "y", "origin": [-8, 0, -8]},
			"faces": {
				"north": {"uv": [8, 16, 10, 14.5], "texture": "#1"},
				"east": {"uv": [7, 16, 8, 14.5], "texture": "#1"},
				"south": {"uv": [5, 16, 7, 14.5], "texture": "#1"},
				"west": {"uv": [4, 16, 5, 14.5], "texture": "#1"},
				"up": {"uv": [7, 8, 9, 10], "texture": "#1"}
			}
		}
	],
	"display": {
		"thirdperson_righthand": {
			"rotation": [75, 25, 0],
			"translation": [-0.75, -0.75, -1.25],
			"scale": [0.64, 0.64, 0.64]
		},
		"thirdperson_lefthand": {
			"rotation": [75, 25, 0],
			"translation": [-0.75, -0.75, -1.25],
			"scale": [0.64, 0.64, 0.64]
		},
		"firstperson_righthand": {
			"rotation": [-10, 114, 0],
			"translation": [2, 2.25, 0],
			"scale": [0.61, 0.61, 0.61]
		},
		"firstperson_lefthand": {
			"rotation": [-10, 114, 0],
			"translation": [2, 2.25, 0],
			"scale": [0.61, 0.61, 0.61]
		},
		"ground": {
			"rotation": [90, 0, 0],
			"translation": [0, 0, -0.5],
			"scale": [0.64, 0.64, 0.64]
		},
		"gui": {
			"rotation": [23, -136, -10],
			"translation": [0.25, -0.5, 0],
			"scale": [0.99, 0.99, 0.99]
		},
		"fixed": {
			"scale": [0.5, 0.5, 0.5]
		}
	},
	"groups": [
		{
			"name": "armor_main",
			"origin": [0, 0, 0],
			"color": 0,
			"children": [
				{
					"name": "LeftLeg",
					"origin": [-1.9, 12, 0],
					"color": 0,
					"children": [0, 1]
				},
				{
					"name": "RightLeg",
					"origin": [1.9, 12, 0],
					"color": 0,
					"children": [2, 3]
				},
				{
					"name": "LeftArm",
					"origin": [-5, 22, 0],
					"color": 0,
					"children": []
				},
				{
					"name": "RightArm",
					"origin": [5, 22, 0],
					"color": 0,
					"children": []
				},
				{
					"name": "Body",
					"origin": [0, 24, 0],
					"color": 0,
					"children": []
				},
				{
					"name": "Head",
					"origin": [0, 24, 0],
					"color": 0,
					"children": []
				}
			]
		},
		{
			"name": "armor_leggings",
			"origin": [0, 0, 0],
			"color": 0,
			"children": [
				{
					"name": "LeftLeg2",
					"origin": [-1.9, 12, 0],
					"color": 0,
					"children": [4, 5]
				},
				{
					"name": "RightLeg2",
					"origin": [1.9, 12, 0],
					"color": 0,
					"children": [6, 7]
				},
				{
					"name": "Body2",
					"origin": [0, 24, 0],
					"color": 0,
					"children": [8, 9]
				}
			]
		}
	]
}