{
	"credit": "Made with Blockbench",
	"texture_size": [32, 32],
	"textures": {
		"1": "entity/grenade",
		"particle": "entity/grenade"
	},
	"elements": [
		{
			"from": [5, 4, 4.5],
			"to": [11, 7, 11.5],
			"rotation": {"angle": -22.5, "axis": "x", "origin": [8, 4.5, 5.5]},
			"faces": {
				"north": {"uv": [8.5, 0, 11.5, 1.5], "texture": "#1"},
				"east": {"uv": [7.5, 3, 11, 4.5], "texture": "#1"},
				"south": {"uv": [8.5, 1.5, 11.5, 3], "texture": "#1"},
				"west": {"uv": [7.5, 4.5, 11, 6], "texture": "#1"},
				"up": {"uv": [3, 3.5, 0, 0], "texture": "#1"},
				"down": {"uv": [6, 0, 3, 3.5], "texture": "#1"}
			}
		},
		{
			"from": [6, 6, 4.5],
			"to": [10, 7, 7.5],
			"rotation": {"angle": 0, "axis": "y", "origin": [5, 0, 2.5]},
			"faces": {
				"north": {"uv": [7.5, 10.5, 9.5, 11], "texture": "#1"},
				"east": {"uv": [6, 3, 7.5, 3.5], "texture": "#1"},
				"south": {"uv": [10.5, 8, 12.5, 8.5], "texture": "#1"},
				"west": {"uv": [7.5, 6, 9, 6.5], "texture": "#1"},
				"up": {"uv": [2, 10.5, 0, 9], "texture": "#1"},
				"down": {"uv": [4, 9, 2, 10.5], "texture": "#1"}
			}
		},
		{
			"from": [5.5, 1, 5.5],
			"to": [10.5, 7, 10.5],
			"rotation": {"angle": 0, "axis": "y", "origin": [5, 0, 2.5]},
			"faces": {
				"north": {"uv": [0, 3.5, 2.5, 6.5], "texture": "#1"},
				"east": {"uv": [2.5, 3.5, 5, 6.5], "texture": "#1"},
				"south": {"uv": [5, 3.5, 7.5, 6.5], "texture": "#1"},
				"west": {"uv": [6, 0, 8.5, 3], "texture": "#1"},
				"up": {"uv": [2.5, 9, 0, 6.5], "texture": "#1"},
				"down": {"uv": [5, 6.5, 2.5, 9], "texture": "#1"}
			}
		},
		{
			"from": [10.5, 2, 7.5],
			"to": [12.5, 4, 8.5],
			"rotation": {"angle": 0, "axis": "y", "origin": [8, 3, 8]},
			"faces": {
				"north": {"uv": [11, 3.5, 12, 4.5], "texture": "#1"},
				"east": {"uv": [11.5, 9.5, 12, 10.5], "texture": "#1"},
				"south": {"uv": [4, 11, 5, 12], "texture": "#1"},
				"west": {"uv": [11.5, 10.5, 12, 11.5], "texture": "#1"},
				"up": {"uv": [5, 9.5, 4, 9], "texture": "#1"},
				"down": {"uv": [12, 5.5, 11, 6], "texture": "#1"}
			}
		},
		{
			"from": [3.5, 2, 7.5],
			"to": [5.5, 4, 8.5],
			"rotation": {"angle": 0, "axis": "y", "origin": [8, 3, 8]},
			"faces": {
				"north": {"uv": [11, 4.5, 12, 5.5], "texture": "#1"},
				"east": {"uv": [11.5, 11.5, 12, 12.5], "texture": "#1"},
				"south": {"uv": [7.5, 11, 8.5, 12], "texture": "#1"},
				"west": {"uv": [12, 2, 12.5, 3], "texture": "#1"},
				"up": {"uv": [13, 4, 12, 3.5], "texture": "#1"},
				"down": {"uv": [5, 12, 4, 12.5], "texture": "#1"}
			}
		},
		{
			"from": [10.5, 2, 7.5],
			"to": [12.5, 4, 8.5],
			"rotation": {"angle": -45, "axis": "y", "origin": [8, 3, 8]},
			"faces": {
				"north": {"uv": [11.5, 1, 12.5, 2], "texture": "#1"},
				"east": {"uv": [11, 12, 11.5, 13], "texture": "#1"},
				"south": {"uv": [2, 11.5, 3, 12.5], "texture": "#1"},
				"west": {"uv": [12, 11, 12.5, 12], "texture": "#1"},
				"up": {"uv": [13, 12.5, 12, 12], "texture": "#1"},
				"down": {"uv": [1, 12.5, 0, 13], "texture": "#1"}
			}
		},
		{
			"from": [3.5, 2, 7.5],
			"to": [5.5, 4, 8.5],
			"rotation": {"angle": -45, "axis": "y", "origin": [8, 3, 8]},
			"faces": {
				"north": {"uv": [11.5, 0, 12.5, 1], "texture": "#1"},
				"east": {"uv": [9.5, 12, 10, 13], "texture": "#1"},
				"south": {"uv": [1, 11.5, 2, 12.5], "texture": "#1"},
				"west": {"uv": [12, 9.5, 12.5, 10.5], "texture": "#1"},
				"up": {"uv": [11, 12.5, 10, 12], "texture": "#1"},
				"down": {"uv": [13, 10.5, 12, 11], "texture": "#1"}
			}
		},
		{
			"from": [7.5, 2, 3.5],
			"to": [8.5, 4, 5.5],
			"rotation": {"angle": -45, "axis": "y", "origin": [8, 3, 8]},
			"faces": {
				"north": {"uv": [7.5, 12, 8, 13], "texture": "#1"},
				"east": {"uv": [10.5, 11, 11.5, 12], "texture": "#1"},
				"south": {"uv": [8, 12, 8.5, 13], "texture": "#1"},
				"west": {"uv": [0, 11.5, 1, 12.5], "texture": "#1"},
				"up": {"uv": [9, 13, 8.5, 12], "texture": "#1"},
				"down": {"uv": [9.5, 12, 9, 13], "texture": "#1"}
			}
		},
		{
			"from": [7.5, 2, 10.5],
			"to": [8.5, 4, 12.5],
			"rotation": {"angle": -45, "axis": "y", "origin": [8, 3, 8]},
			"faces": {
				"north": {"uv": [12, 4, 12.5, 5], "texture": "#1"},
				"east": {"uv": [8.5, 11, 9.5, 12], "texture": "#1"},
				"south": {"uv": [12, 5, 12.5, 6], "texture": "#1"},
				"west": {"uv": [9.5, 11, 10.5, 12], "texture": "#1"},
				"up": {"uv": [12.5, 7, 12, 6], "texture": "#1"},
				"down": {"uv": [12.5, 7, 12, 8], "texture": "#1"}
			}
		},
		{
			"from": [6, 7, 2.5],
			"to": [10, 9, 8.5],
			"rotation": {"angle": 0, "axis": "y", "origin": [5, 0, 2.5]},
			"faces": {
				"north": {"uv": [5.5, 9.5, 7.5, 10.5], "texture": "#1"},
				"east": {"uv": [9, 6, 12, 7], "texture": "#1"},
				"south": {"uv": [7.5, 9.5, 9.5, 10.5], "texture": "#1"},
				"west": {"uv": [9, 7, 12, 8], "texture": "#1"},
				"up": {"uv": [7, 9.5, 5, 6.5], "texture": "#1"},
				"down": {"uv": [9, 6.5, 7, 9.5], "texture": "#1"}
			}
		},
		{
			"from": [7.5, 7.65, 6.25],
			"to": [8.5, 10.65, 9.25],
			"rotation": {"angle": 22.5, "axis": "x", "origin": [8, 8, 10.5]},
			"faces": {
				"north": {"uv": [5, 11, 5.5, 12.5], "texture": "#1"},
				"east": {"uv": [9, 8, 10.5, 9.5], "texture": "#1"},
				"south": {"uv": [3, 11.5, 3.5, 13], "texture": "#1"},
				"west": {"uv": [4, 9.5, 5.5, 11], "texture": "#1"},
				"up": {"uv": [4, 13, 3.5, 11.5], "texture": "#1"},
				"down": {"uv": [6, 11.5, 5.5, 13], "texture": "#1"}
			}
		},
		{
			"from": [6, 5.34358, 1.77269],
			"to": [10, 7.34358, 2.77269],
			"rotation": {"angle": 22.5, "axis": "x", "origin": [8, 5.34358, 2.27269]},
			"faces": {
				"north": {"uv": [9.5, 9.5, 11.5, 10.5], "texture": "#1"},
				"east": {"uv": [11.5, 2, 12, 3], "texture": "#1"},
				"south": {"uv": [0, 10.5, 2, 11.5], "texture": "#1"},
				"west": {"uv": [6, 11.5, 6.5, 12.5], "texture": "#1"},
				"up": {"uv": [12.5, 9, 10.5, 8.5], "texture": "#1"},
				"down": {"uv": [12.5, 9, 10.5, 9.5], "texture": "#1"}
			}
		},
		{
			"from": [6, 3.34358, 1.77269],
			"to": [10, 5.34358, 2.77269],
			"rotation": {"angle": 22.5, "axis": "x", "origin": [8, 5.34358, 2.27269]},
			"faces": {
				"north": {"uv": [2, 10.5, 4, 11.5], "texture": "#1"},
				"east": {"uv": [6.5, 11.5, 7, 12.5], "texture": "#1"},
				"south": {"uv": [5.5, 10.5, 7.5, 11.5], "texture": "#1"},
				"west": {"uv": [7, 11.5, 7.5, 12.5], "texture": "#1"},
				"up": {"uv": [11.5, 11, 9.5, 10.5], "texture": "#1"},
				"down": {"uv": [13, 3, 11, 3.5], "texture": "#1"}
			}
		}
	],
	"display": {
		"thirdperson_righthand": {
			"rotation": [75, 45, 0],
			"translation": [0, 2.5, 1.5],
			"scale": [0.67, 0.67, 0.67]
		},
		"thirdperson_lefthand": {
			"rotation": [75, 45, 0],
			"translation": [0, 2.5, 1.5],
			"scale": [0.67, 0.67, 0.67]
		},
		"firstperson_righthand": {
			"rotation": [0, 45, 0],
			"translation": [4.25, 3.25, 0],
			"scale": [0.73, 0.73, 0.73]
		},
		"firstperson_lefthand": {
			"rotation": [0, 45, 0],
			"translation": [4.25, 3.25, 0],
			"scale": [0.73, 0.73, 0.73]
		},
		"ground": {
			"translation": [0, 2.25, 0],
			"scale": [0.83, 0.83, 0.83]
		},
		"gui": {
			"rotation": [16, 51, 17],
			"translation": [0.25, 2.25, 0],
			"scale": [1.2, 1.2, 1.2]
		},
		"fixed": {
			"scale": [0.5, 0.5, 0.5]
		}
	}
}