{
	"parent": "minecraft:block/glass",
	"overrides": [
	  {
		"predicate": {
		  "custom_model_data": 0
		},
		"model": "minecraft:entity/settings/0"
	  },
	  {
		"predicate": {
		  "custom_model_data": 1
		},
		"model": "minecraft:entity/settings/1"
	  },
	  {
		"predicate": {
		  "custom_model_data": 2
		},
		"model": "minecraft:entity/settings/2"
	  },
	  {
		"predicate": {
		  "custom_model_data": 3
		},
		"model": "minecraft:entity/settings/3"
	  },
	  {
		"predicate": {
		  "custom_model_data": 4
		},
		"model": "minecraft:entity/settings/4"
	  },
	  {
		"predicate": {
		  "custom_model_data": 5
		},
		"model": "minecraft:entity/settings/5"
	  },
	  {
		"predicate": {
		  "custom_model_data": 6
		},
		"model": "minecraft:entity/settings/6"
	  },
	  {
		"predicate": {
		  "custom_model_data": 7
		},
		"model": "minecraft:entity/settings/7"
	  }
	]
  }
  