{
	"credit": "Made with Blockbench",
	"texture_size": [32, 32],
	"textures": {
		"1": "item/iron_axe"
	},
	"elements": [
		{
			"from": [7, -10, 6.41377],
			"to": [9, 6, 8.41377],
			"rotation": {"angle": 0, "axis": "y", "origin": [9, -9, 8.41377]},
			"faces": {
				"north": {"uv": [0, 4, 1, 12], "texture": "#1"},
				"east": {"uv": [1, 4, 2, 12], "texture": "#1"},
				"south": {"uv": [2, 4, 3, 12], "texture": "#1"},
				"west": {"uv": [3, 4, 4, 12], "texture": "#1"}
			}
		},
		{
			"from": [6.5, 6, 4.91377],
			"to": [9.5, 10, 9.91377],
			"rotation": {"angle": 0, "axis": "y", "origin": [9, 6, 8.41377]},
			"faces": {
				"north": {"uv": [9.5, 5.5, 11, 7.5], "texture": "#1"},
				"east": {"uv": [7, 4.5, 9.5, 6.5], "texture": "#1"},
				"south": {"uv": [6, 10.5, 7.5, 12.5], "texture": "#1"},
				"west": {"uv": [7, 6.5, 9.5, 8.5], "texture": "#1"},
				"up": {"uv": [10.5, 11, 9, 8.5], "texture": "#1"},
				"down": {"uv": [11, 3, 9.5, 5.5], "texture": "#1"}
			}
		},
		{
			"from": [6.5, 3, 5.41377],
			"to": [9.5, 5, 9.41377],
			"rotation": {"angle": 0, "axis": "y", "origin": [9, 6, 8.41377]},
			"faces": {
				"north": {"uv": [12.5, 11.5, 14, 12.5], "texture": "#1"},
				"east": {"uv": [12, 10.5, 14, 11.5], "texture": "#1"},
				"south": {"uv": [12.5, 12.5, 14, 13.5], "texture": "#1"},
				"west": {"uv": [12.5, 6, 14.5, 7], "texture": "#1"},
				"up": {"uv": [9, 12.5, 7.5, 10.5], "texture": "#1"},
				"down": {"uv": [12, 7.5, 10.5, 9.5], "texture": "#1"}
			}
		},
		{
			"from": [6.5, -9, 5.91377],
			"to": [9.5, 0, 8.91377],
			"rotation": {"angle": 0, "axis": "y", "origin": [9, -1, 8.91377]},
			"faces": {
				"north": {"uv": [4, 4, 5.5, 8.5], "texture": "#1"},
				"east": {"uv": [5.5, 0, 7, 4.5], "texture": "#1"},
				"south": {"uv": [5.5, 4.5, 7, 9], "texture": "#1"},
				"west": {"uv": [7, 0, 8.5, 4.5], "texture": "#1"},
				"up": {"uv": [14, 6, 12.5, 4.5], "texture": "#1"},
				"down": {"uv": [7, 12.5, 5.5, 14], "texture": "#1"}
			}
		},
		{
			"from": [6.5, 3, 9.41377],
			"to": [9.5, 4, 11.41377],
			"rotation": {"angle": 0, "axis": "y", "origin": [9, 6, 8.41377]},
			"faces": {
				"north": {"uv": [4, 8.5, 5.5, 9], "texture": "#1"},
				"east": {"uv": [11, 7, 12, 7.5], "texture": "#1"},
				"south": {"uv": [13.5, 8, 15, 8.5], "texture": "#1"},
				"west": {"uv": [13.5, 9.5, 14.5, 10], "texture": "#1"},
				"up": {"uv": [15, 1, 13.5, 0], "texture": "#1"},
				"down": {"uv": [15, 0, 13.5, 1], "texture": "#1"}
			}
		},
		{
			"from": [6.5, 3.5, 11.41377],
			"to": [9.5, 7.5, 14.41377],
			"rotation": {"angle": -22.5, "axis": "x", "origin": [9.5, 5, 8.41377]},
			"faces": {
				"north": {"uv": [10.5, 9.5, 12, 11.5], "texture": "#1"},
				"east": {"uv": [11, 3, 12.5, 5], "texture": "#1"},
				"south": {"uv": [4, 11, 5.5, 13], "texture": "#1"},
				"west": {"uv": [11, 5, 12.5, 7], "texture": "#1"},
				"up": {"uv": [13.5, 10.5, 12, 9], "texture": "#1"},
				"down": {"uv": [14, 3, 12.5, 4.5], "texture": "#1"}
			}
		},
		{
			"from": [6.5, 1.5, 13.41377],
			"to": [9.5, 3.5, 14.41377],
			"rotation": {"angle": -22.5, "axis": "x", "origin": [9.5, 5, 8.41377]},
			"faces": {
				"north": {"uv": [13.5, 1, 15, 2], "texture": "#1"},
				"east": {"uv": [5.5, 11, 6, 12], "texture": "#1"},
				"south": {"uv": [13.5, 2, 15, 3], "texture": "#1"},
				"west": {"uv": [11, 13.5, 11.5, 14.5], "texture": "#1"},
				"up": {"uv": [15, 9, 13.5, 8.5], "texture": "#1"},
				"down": {"uv": [15, 9, 13.5, 9.5], "texture": "#1"}
			}
		},
		{
			"from": [7, 5.5, 8.61377],
			"to": [9, 8.5, 12.61377],
			"rotation": {"angle": 22.5, "axis": "x", "origin": [8.5, 6.5, 11.61377]},
			"faces": {
				"east": {"uv": [11.5, 0, 13.5, 1.5], "texture": "#1"},
				"south": {"uv": [8.5, 3, 9.5, 4.5], "texture": "#1"},
				"west": {"uv": [11.5, 1.5, 13.5, 3], "texture": "#1"},
				"up": {"uv": [4, 14, 3, 12], "texture": "#1"},
				"down": {"uv": [12.5, 2.5, 13, 3], "texture": "#1"}
			}
		},
		{
			"from": [7, 7, -1.08623],
			"to": [9, 10, 4.91377],
			"rotation": {"angle": 0, "axis": "z", "origin": [8, 7.10105, 1.41085]},
			"faces": {
				"north": {"uv": [6, 9, 7, 10.5], "texture": "#1"},
				"east": {"uv": [8.5, 0, 11.5, 1.5], "texture": "#1"},
				"west": {"uv": [8.5, 1.5, 11.5, 3], "texture": "#1"},
				"up": {"uv": [10, 14, 9, 11], "texture": "#1"},
				"down": {"uv": [11, 11.5, 10, 14.5], "texture": "#1"}
			}
		},
		{
			"from": [7.5, 0.61837, -0.16528],
			"to": [8.5, 8.61837, 4.83472],
			"rotation": {"angle": -22.5, "axis": "x", "origin": [8, 6.60105, 1.41085]},
			"faces": {
				"north": {"uv": [5, 0, 5.5, 4], "texture": "#1"},
				"east": {"uv": [0, 0, 2.5, 4], "texture": "#1"},
				"west": {"uv": [2.5, 0, 5, 4], "texture": "#1"},
				"up": {"uv": [8.5, 15, 8, 12.5], "texture": "#1"},
				"down": {"uv": [9, 12.5, 8.5, 15], "texture": "#1"}
			}
		},
		{
			"from": [6.5, -14, 5.41377],
			"to": [9.5, -10, 9.41377],
			"rotation": {"angle": 0, "axis": "y", "origin": [8.5, -16, 8.41377]},
			"faces": {
				"north": {"uv": [11, 11.5, 12.5, 13.5], "texture": "#1"},
				"east": {"uv": [7, 8.5, 9, 10.5], "texture": "#1"},
				"south": {"uv": [0, 12, 1.5, 14], "texture": "#1"},
				"west": {"uv": [4, 9, 6, 11], "texture": "#1"},
				"up": {"uv": [3, 14, 1.5, 12], "texture": "#1"},
				"down": {"uv": [13.5, 7, 12, 9], "texture": "#1"}
			}
		},
		{
			"from": [9.5, -13, 6.41377],
			"to": [8.5, -11, 8.41377],
			"rotation": {"angle": 0, "axis": "y", "origin": [11.5, -16, 8.41377]},
			"faces": {
				"north": {"uv": [11.5, 13.5, 12, 14.5], "texture": "#1"},
				"east": {"uv": [9.5, 7.5, 10.5, 8.5], "texture": "#1"},
				"south": {"uv": [12, 13.5, 12.5, 14.5], "texture": "#1"},
				"up": {"uv": [13, 14.5, 12.5, 13.5], "texture": "#1"},
				"down": {"uv": [13.5, 13.5, 13, 14.5], "texture": "#1"}
			}
		},
		{
			"from": [7.5, -13, 6.41377],
			"to": [6.5, -11, 8.41377],
			"rotation": {"angle": 0, "axis": "y", "origin": [4.5, -16, 6.41377]},
			"faces": {
				"north": {"uv": [13.5, 13.5, 14, 14.5], "texture": "#1"},
				"south": {"uv": [0, 14, 0.5, 15], "texture": "#1"},
				"west": {"uv": [13.5, 7, 14.5, 8], "texture": "#1"},
				"up": {"uv": [1, 15, 0.5, 14], "texture": "#1"},
				"down": {"uv": [1.5, 14, 1, 15], "texture": "#1"}
			}
		}
	],
	"display": {
		"thirdperson_righthand": {
			"translation": [0, 8, 2.5],
			"scale": [0.7, 0.7, 0.7]
		},
		"thirdperson_lefthand": {
			"translation": [0, 8, 2.5],
			"scale": [0.7, 0.7, 0.7]
		},
		"firstperson_righthand": {
			"rotation": [0, 14, 0],
			"translation": [0, 8, 2.5],
			"scale": [0.7, 0.7, 0.7]
		},
		"firstperson_lefthand": {
			"rotation": [0, 14, 0],
			"translation": [0.75, 8, 2.5],
			"scale": [0.7, 0.7, 0.7]
		},
		"ground": {
			"rotation": [0, 0, 90],
			"translation": [-3.5, -1.25, 0],
			"scale": [0.43, 0.43, 0.43]
		},
		"gui": {
			"rotation": [45, 225, 47],
			"translation": [1.75, 5.25, 0],
			"scale": [0.66, 0.66, 0.66]
		},
		"head": {
			"translation": [0, 7.5, 0]
		},
		"fixed": {
			"scale": [0.5, 0.5, 0.5]
		}
	}
}