{
	"credit": "Made with Blockbench",
	"texture_size": [64, 64],
	"textures": {
		"1": "block/big_lever",
		"particle": "block/start_text"
	},
	"elements": [
		{
			"from": [7, -3, 7],
			"to": [9, 7, 9],
			"rotation": {"angle": 0, "axis": "x", "origin": [8, -7.33333, 8]},
			"faces": {
				"north": {"uv": [1, 12, 0.5, 14.5], "rotation": 180, "texture": "#1"},
				"east": {"uv": [11.5, 5.25, 14, 5.75], "rotation": 270, "texture": "#1"},
				"south": {"uv": [0.5, 14.5, 0, 12], "texture": "#1"},
				"west": {"uv": [11.5, 5.75, 14, 6.25], "rotation": 90, "texture": "#1"}
			}
		},
		{
			"from": [6, 7, 6],
			"to": [10, 16, 10],
			"rotation": {"angle": 0, "axis": "x", "origin": [8, -7.33333, 8]},
			"faces": {
				"north": {"uv": [11.75, 6.25, 10.75, 8.5], "rotation": 180, "texture": "#1"},
				"east": {"uv": [10, 2, 12.25, 3], "rotation": 270, "texture": "#1"},
				"south": {"uv": [11.5, 6.25, 10.5, 4], "texture": "#1"},
				"west": {"uv": [10.5, 3, 12.75, 4], "rotation": 90, "texture": "#1"},
				"up": {"uv": [11.75, 6.25, 12.75, 7.25], "rotation": 180, "texture": "#1"},
				"down": {"uv": [11.75, 7.25, 12.75, 8.25], "texture": "#1"}
			}
		},
		{
			"from": [6.5, 2, 6.5],
			"to": [9.5, 5, 9.5],
			"rotation": {"angle": 0, "axis": "x", "origin": [8, -7.33333, 8]},
			"faces": {
				"north": {"uv": [13.25, 12, 12.5, 12.75], "rotation": 180, "texture": "#1"},
				"east": {"uv": [10, 12.5, 10.75, 13.25], "rotation": 270, "texture": "#1"},
				"south": {"uv": [13.25, 12, 12.5, 11.25], "texture": "#1"},
				"west": {"uv": [10.75, 12.5, 11.5, 13.25], "rotation": 90, "texture": "#1"},
				"up": {"uv": [12.5, 9.75, 13.25, 10.5], "rotation": 180, "texture": "#1"},
				"down": {"uv": [12.5, 10.5, 13.25, 11.25], "texture": "#1"}
			}
		}
	],
	"display": {
		"head": {
			"translation": [0, 15.25, 0],
			"scale": [1.67, 1.67, 1.67]
		}
	}
}