{
	"credit": "Made with Blockbench",
	"texture_size": [32, 32],
	"textures": {
		"0": "item/potion1",
		"particle": "item/potion1"
	},
	"elements": [
		{
			"from": [4, 0, 6],
			"to": [12, 8, 10],
			"rotation": {"angle": 0, "axis": "y", "origin": [7, 0, 6]},
			"faces": {
				"north": {"uv": [0, 0, 4, 4], "texture": "#0"},
				"east": {"uv": [4, 6, 6, 10], "texture": "#0"},
				"south": {"uv": [0, 4, 4, 8], "texture": "#0"},
				"west": {"uv": [6, 6, 8, 10], "texture": "#0"},
				"up": {"uv": [11.5, 2, 7.5, 0], "texture": "#0"},
				"down": {"uv": [11.5, 2, 7.5, 4], "texture": "#0"}
			}
		},
		{
			"name": "liquid",
			"from": [4.5, 0.5, 6.5],
			"to": [11.5, 6.5, 9.5],
			"rotation": {"angle": 0, "axis": "y", "origin": [6.5, 0.5, 5.5]},
			"faces": {
				"north": {"uv": [4, 0, 7.5, 3], "texture": "#0"},
				"east": {"uv": [8, 5.5, 9.5, 8.5], "texture": "#0"},
				"south": {"uv": [4, 3, 7.5, 6], "texture": "#0"},
				"west": {"uv": [8, 8.5, 9.5, 11.5], "texture": "#0"},
				"up": {"uv": [11, 5.5, 7.5, 4], "texture": "#0"},
				"down": {"uv": [3.5, 8, 0, 9.5], "texture": "#0"}
			}
		},
		{
			"from": [7, 8, 7],
			"to": [9, 9, 9],
			"rotation": {"angle": 0, "axis": "y", "origin": [7, 6, 6]},
			"faces": {
				"north": {"uv": [6, 10, 7, 10.5], "texture": "#0"},
				"east": {"uv": [7, 10, 8, 10.5], "texture": "#0"},
				"south": {"uv": [3, 10.5, 4, 11], "texture": "#0"},
				"west": {"uv": [6, 10.5, 7, 11], "texture": "#0"},
				"up": {"uv": [4, 10.5, 3, 9.5], "texture": "#0"},
				"down": {"uv": [10.5, 9.5, 9.5, 10.5], "texture": "#0"}
			}
		},
		{
			"from": [7, 11, 7],
			"to": [9, 12, 9],
			"rotation": {"angle": 0, "axis": "y", "origin": [7, 9, 6]},
			"faces": {
				"north": {"uv": [7, 10.5, 8, 11], "texture": "#0"},
				"east": {"uv": [9.5, 10.5, 10.5, 11], "texture": "#0"},
				"south": {"uv": [10.5, 9.5, 11.5, 10], "texture": "#0"},
				"west": {"uv": [10.5, 10, 11.5, 10.5], "texture": "#0"},
				"up": {"uv": [5, 11, 4, 10], "texture": "#0"},
				"down": {"uv": [6, 10, 5, 11], "texture": "#0"}
			}
		},
		{
			"from": [6.5, 9, 6.5],
			"to": [9.5, 11, 9.5],
			"rotation": {"angle": 0, "axis": "y", "origin": [7.5, 9, 6.5]},
			"faces": {
				"north": {"uv": [9.5, 5.5, 11, 6.5], "texture": "#0"},
				"east": {"uv": [9.5, 6.5, 11, 7.5], "texture": "#0"},
				"south": {"uv": [9.5, 7.5, 11, 8.5], "texture": "#0"},
				"west": {"uv": [9.5, 8.5, 11, 9.5], "texture": "#0"},
				"up": {"uv": [1.5, 11, 0, 9.5], "texture": "#0"},
				"down": {"uv": [3, 9.5, 1.5, 11], "texture": "#0"}
			}
		}
	],
	"gui_light": "front",
	"display": {
		"thirdperson_righthand": {
			"rotation": [33, 19, 0],
			"translation": [-0.75, 1, 0.5],
			"scale": [0.67, 0.67, 0.67]
		},
		"thirdperson_lefthand": {
			"rotation": [33, 19, 0],
			"translation": [-0.75, 1, 0.5],
			"scale": [0.67, 0.67, 0.67]
		},
		"firstperson_righthand": {
			"rotation": [-16, -83, 0],
			"translation": [2, 5.25, 0],
			"scale": [0.73, 0.73, 0.73]
		},
		"firstperson_lefthand": {
			"rotation": [-16, -83, 0],
			"translation": [2, 5.25, 0],
			"scale": [0.73, 0.73, 0.73]
		},
		"ground": {
			"translation": [0, 3, 0],
			"scale": [0.73, 0.73, 0.73]
		},
		"gui": {
			"rotation": [22, 225, 0],
			"translation": [0, 2.75, 0],
			"scale": [1.14, 1.14, 1.14]
		},
		"head": {
			"rotation": [0, 180, 0],
			"translation": [0, 13, 7]
		},
		"fixed": {
			"scale": [0.5, 0.5, 0.5]
		}
	}
}