{
	"credit": "Wackyblockium",
	"textures": {
		"0": "item/page_turn_deactivated",
		"particle": "item/page_turn_deactivated"
	},
	"elements": [
		{
			"name": "page_turn_0",
			"from": [11.19999, -1.8, 6.6],
			"to": [16.79999, 17.8, 9.4],
			"rotation": {"angle": 0, "axis": "y", "origin": [-1.40001, 19.2, 6.6]},
			"faces": {
				"north": {"uv": [9, 15, 13, 1], "rotation": 180, "texture": "#0"},
				"east": {"uv": [12, 1, 13, 15], "texture": "#0"},
				"south": {"uv": [9, 1, 13, 15], "texture": "#0"},
				"west": {"uv": [9, 1, 10, 15], "texture": "#0"},
				"up": {"uv": [13, 1, 9, 2], "rotation": 180, "texture": "#0"},
				"down": {"uv": [9, 14, 13, 15], "texture": "#0"}
			}
		},
		{
			"name": "page_turn_1",
			"from": [9.79999, -0.4, 6.6],
			"to": [11.19999, 16.4, 9.4],
			"rotation": {"angle": 0, "axis": "y", "origin": [-1.40001, 19.2, 6.6]},
			"faces": {
				"north": {"uv": [8, 14, 9, 2], "rotation": 180, "texture": "#0"},
				"east": {"uv": [8, 2, 9, 14], "texture": "#0"},
				"south": {"uv": [8, 2, 9, 14], "texture": "#0"},
				"west": {"uv": [8, 2, 9, 14], "texture": "#0"},
				"up": {"uv": [9, 2, 8, 3], "rotation": 180, "texture": "#0"},
				"down": {"uv": [8, 13, 9, 14], "texture": "#0"}
			}
		},
		{
			"name": "page_turn_2",
			"from": [8.39999, 1, 6.6],
			"to": [9.79999, 15, 9.4],
			"rotation": {"angle": 0, "axis": "y", "origin": [-1.40001, 19.2, 6.6]},
			"faces": {
				"north": {"uv": [7, 13, 8, 3], "rotation": 180, "texture": "#0"},
				"east": {"uv": [7, 3, 8, 13], "texture": "#0"},
				"south": {"uv": [7, 3, 8, 13], "texture": "#0"},
				"west": {"uv": [7, 3, 8, 13], "texture": "#0"},
				"up": {"uv": [8, 3, 7, 4], "rotation": 180, "texture": "#0"},
				"down": {"uv": [7, 12, 8, 13], "texture": "#0"}
			}
		},
		{
			"name": "page_turn_3",
			"from": [6.99999, 2.4, 6.6],
			"to": [8.39999, 13.6, 9.4],
			"rotation": {"angle": 0, "axis": "y", "origin": [-1.40001, 19.2, 6.6]},
			"faces": {
				"north": {"uv": [6, 12, 7, 4], "rotation": 180, "texture": "#0"},
				"east": {"uv": [6, 4, 7, 12], "texture": "#0"},
				"south": {"uv": [6, 4, 7, 12], "texture": "#0"},
				"west": {"uv": [6, 4, 7, 12], "texture": "#0"},
				"up": {"uv": [7, 4, 6, 5], "rotation": 180, "texture": "#0"},
				"down": {"uv": [6, 11, 7, 12], "texture": "#0"}
			}
		},
		{
			"name": "page_turn_4",
			"from": [5.59999, 3.8, 6.6],
			"to": [6.99999, 12.2, 9.4],
			"rotation": {"angle": 0, "axis": "y", "origin": [-1.40001, 19.2, 6.6]},
			"faces": {
				"north": {"uv": [5, 11, 6, 5], "rotation": 180, "texture": "#0"},
				"east": {"uv": [5, 5, 6, 11], "texture": "#0"},
				"south": {"uv": [5, 5, 6, 11], "texture": "#0"},
				"west": {"uv": [5, 5, 6, 11], "texture": "#0"},
				"up": {"uv": [6, 5, 5, 6], "rotation": 180, "texture": "#0"},
				"down": {"uv": [5, 10, 6, 11], "texture": "#0"}
			}
		},
		{
			"name": "page_turn_5",
			"from": [4.19999, 5.2, 6.6],
			"to": [5.59999, 10.8, 9.4],
			"rotation": {"angle": 0, "axis": "y", "origin": [-1.40001, 19.2, 6.6]},
			"faces": {
				"north": {"uv": [4, 10, 5, 6], "rotation": 180, "texture": "#0"},
				"east": {"uv": [4, 6, 5, 10], "texture": "#0"},
				"south": {"uv": [4, 6, 5, 10], "texture": "#0"},
				"west": {"uv": [4, 6, 5, 10], "texture": "#0"},
				"up": {"uv": [5, 6, 4, 7], "rotation": 180, "texture": "#0"},
				"down": {"uv": [4, 9, 5, 10], "texture": "#0"}
			}
		},
		{
			"name": "page_turn_6",
			"from": [2.79999, 6.6, 6.6],
			"to": [4.19999, 9.4, 9.4],
			"rotation": {"angle": 0, "axis": "y", "origin": [-1.40001, 19.2, 6.6]},
			"faces": {
				"north": {"uv": [3, 9, 4, 7], "rotation": 180, "texture": "#0"},
				"east": {"uv": [3, 7, 4, 9], "texture": "#0"},
				"south": {"uv": [3, 7, 4, 9], "texture": "#0"},
				"west": {"uv": [3, 7, 4, 9], "texture": "#0"},
				"up": {"uv": [4, 7, 3, 8], "rotation": 180, "texture": "#0"},
				"down": {"uv": [3, 8, 4, 9], "texture": "#0"}
			}
		}
	],
	"groups": [
		{
			"name": "page_turn",
			"origin": [8, 8, 8],
			"color": 0,
			"children": [0, 1, 2, 3, 4, 5, 6]
		}
	]
}