{
    "parent": "item/shield",
    "gui_light": "front",
    "textures": {
        "particle": "block/dark_oak_planks"
    },
	"display": {
		"thirdperson_righthand": {
			"rotation": [43, 154.75, -95],
			"translation": [-0.25, -1.5, 2.75],
			"scale": [0.85, 0.85, 0.85]
		},
		"thirdperson_lefthand": {
			"rotation": [43, 154.75, -95],
			"translation": [-0.25, -1.5, 2.75],
			"scale": [0.85, 0.85, 0.85]
		},
		"firstperson_righthand": {
			"rotation": [-1, 148.25, -1],
			"translation": [5.25, -6, -6.25],
			"scale": [1.29, 1.29, 1.29]
		},
		"firstperson_lefthand": {
			"rotation": [-1, 148.25, -1],
			"translation": [5.25, -6, -6.25],
			"scale": [1.29, 1.29, 1.29]
		},
		"ground": {
			"rotation": [-47, 0, 0],
			"translation": [0, -1.25, 0],
			"scale": [0.55, 0.55, 0.55]
		},
		"gui": {
			"rotation": [10.25, 41, -0.75],
			"translation": [-2.25, 0.5, 0],
			"scale": [0.85, 0.85, 0.85]
		},
		"fixed": {
			"rotation": [0, 180, 0],
			"translation": [-2, 4, -5],
			"scale": [0.5, 0.5, 0.5]
		}
    }
}
