{
	"credit": "Made with Blockbench",
	"texture_size": [32, 32],
	"textures": {
		"2": "item/basic_sword"
	},
	"elements": [
		{
			"from": [7, -8, 7],
			"to": [9, -3, 9],
			"rotation": {"angle": 0, "axis": "y", "origin": [7, -10, 7]},
			"faces": {
				"north": {"uv": [5, 10, 6, 12.5], "texture": "#2"},
				"east": {"uv": [10.5, 9, 11.5, 11.5], "texture": "#2"},
				"south": {"uv": [6, 11, 7, 13.5], "texture": "#2"},
				"west": {"uv": [7, 11, 8, 13.5], "texture": "#2"}
			}
		},
		{
			"from": [5, -3, 6.5],
			"to": [11, 0, 9.5],
			"rotation": {"angle": 0, "axis": "y", "origin": [7, -3, 7]},
			"faces": {
				"north": {"uv": [5, 5, 8, 6.5], "texture": "#2"},
				"east": {"uv": [11, 6, 12.5, 7.5], "texture": "#2"},
				"south": {"uv": [0, 6.5, 3, 8], "texture": "#2"},
				"west": {"uv": [8, 11, 9.5, 12.5], "texture": "#2"},
				"up": {"uv": [6, 8, 3, 6.5], "texture": "#2"},
				"down": {"uv": [9, 6.5, 6, 8], "texture": "#2"}
			}
		},
		{
			"from": [0, -4.5, 6.5],
			"to": [4, -2.5, 9.5],
			"rotation": {"angle": -22.5, "axis": "z", "origin": [7, -3, 6.5]},
			"faces": {
				"north": {"uv": [11.5, 4, 13.5, 5], "texture": "#2"},
				"east": {"uv": [12.5, 6, 14, 7], "texture": "#2"},
				"south": {"uv": [11.5, 5, 13.5, 6], "texture": "#2"},
				"west": {"uv": [12.5, 7, 14, 8], "texture": "#2"},
				"up": {"uv": [11.5, 6, 9.5, 4.5], "texture": "#2"},
				"down": {"uv": [8.5, 9.5, 6.5, 11], "texture": "#2"}
			}
		},
		{
			"from": [12, -4.5, 6.5],
			"to": [16, -2.5, 9.5],
			"rotation": {"angle": 22.5, "axis": "z", "origin": [9, -3, 6.5]},
			"faces": {
				"north": {"uv": [11.5, 9, 13.5, 10], "texture": "#2"},
				"east": {"uv": [8, 12.5, 9.5, 13.5], "texture": "#2"},
				"south": {"uv": [9.5, 11.5, 11.5, 12.5], "texture": "#2"},
				"west": {"uv": [12.5, 8, 14, 9], "texture": "#2"},
				"up": {"uv": [10.5, 11, 8.5, 9.5], "texture": "#2"},
				"down": {"uv": [12.5, 7.5, 10.5, 9], "texture": "#2"}
			}
		},
		{
			"from": [5.5, 0, 7.5],
			"to": [10.5, 13, 8.5],
			"rotation": {"angle": 0, "axis": "y", "origin": [6.5, -3, 6]},
			"faces": {
				"north": {"uv": [0, 0, 2.5, 6.5], "texture": "#2"},
				"east": {"uv": [0, 8, 0.5, 14.5], "texture": "#2"},
				"south": {"uv": [2.5, 0, 5, 6.5], "texture": "#2"},
				"west": {"uv": [0.5, 8, 1, 14.5], "texture": "#2"},
				"up": {"uv": [15, 10.5, 12.5, 10], "texture": "#2"}
			}
		},
		{
			"from": [4.5, 0, 7.5],
			"to": [5.5, 13, 8.5],
			"rotation": {"angle": 0, "axis": "y", "origin": [1.5, -3, 7]},
			"faces": {
				"north": {"uv": [1, 8, 1.5, 14.5], "texture": "#2"},
				"east": {"uv": [1.5, 8, 2, 14.5], "texture": "#2"},
				"south": {"uv": [2, 8, 2.5, 14.5], "texture": "#2"},
				"west": {"uv": [2.5, 8, 3, 14.5], "texture": "#2"}
			}
		},
		{
			"from": [10.5, 0, 7.5],
			"to": [11.5, 13, 8.5],
			"rotation": {"angle": 0, "axis": "y", "origin": [14.5, -3, 7]},
			"faces": {
				"north": {"uv": [3, 8, 3.5, 14.5], "texture": "#2"},
				"east": {"uv": [3.5, 8, 4, 14.5], "texture": "#2"},
				"south": {"uv": [4, 8, 4.5, 14.5], "texture": "#2"},
				"west": {"uv": [4.5, 8, 5, 14.5], "texture": "#2"}
			}
		},
		{
			"from": [4.98, 10.73, 7.48],
			"to": [10.02, 15.77, 8.52],
			"rotation": {"angle": 45, "axis": "z", "origin": [8, 13.75, 7.5]},
			"faces": {
				"north": {"uv": [5, 0, 7.5, 2.5], "texture": "#2"},
				"east": {"uv": [5, 12.5, 5.5, 15], "texture": "#2"},
				"south": {"uv": [5, 2.5, 7.5, 5], "texture": "#2"},
				"up": {"uv": [15, 11, 12.5, 10.5], "texture": "#2"}
			}
		},
		{
			"from": [2.8, -4, 7],
			"to": [6.8, -1, 9],
			"rotation": {"angle": 22.5, "axis": "z", "origin": [3.8, -3, 7.5]},
			"faces": {
				"north": {"uv": [9, 6, 11, 7.5], "texture": "#2"},
				"south": {"uv": [9.5, 0, 11.5, 1.5], "texture": "#2"},
				"west": {"uv": [11.5, 10, 12.5, 11.5], "texture": "#2"},
				"up": {"uv": [13.5, 1, 11.5, 0], "texture": "#2"},
				"down": {"uv": [13.5, 1, 11.5, 2], "texture": "#2"}
			}
		},
		{
			"from": [9.2, -4, 7],
			"to": [13.2, -1, 9],
			"rotation": {"angle": -22.5, "axis": "z", "origin": [12.2, -3, 7.5]},
			"faces": {
				"north": {"uv": [9.5, 1.5, 11.5, 3], "texture": "#2"},
				"east": {"uv": [11.5, 11.5, 12.5, 13], "texture": "#2"},
				"south": {"uv": [9.5, 3, 11.5, 4.5], "texture": "#2"},
				"up": {"uv": [13.5, 3, 11.5, 2], "texture": "#2"},
				"down": {"uv": [13.5, 3, 11.5, 4], "texture": "#2"}
			}
		},
		{
			"from": [6, -12, 6.5],
			"to": [10, -8, 9.5],
			"rotation": {"angle": 0, "axis": "y", "origin": [7, -15, 7.5]},
			"faces": {
				"north": {"uv": [7.5, 0, 9.5, 2], "texture": "#2"},
				"east": {"uv": [8, 4, 9.5, 6], "texture": "#2"},
				"south": {"uv": [7.5, 2, 9.5, 4], "texture": "#2"},
				"west": {"uv": [5, 8, 6.5, 10], "texture": "#2"},
				"up": {"uv": [8.5, 9.5, 6.5, 8], "texture": "#2"},
				"down": {"uv": [10.5, 8, 8.5, 9.5], "texture": "#2"}
			}
		},
		{
			"from": [7, -11, 7.5],
			"to": [9, -9, 6.5],
			"rotation": {"angle": 0, "axis": "y", "origin": [7, -15, 4.5]},
			"faces": {
				"north": {"uv": [9.5, 12.5, 10.5, 13.5], "texture": "#2"},
				"east": {"uv": [13.5, 0.5, 14, 1.5], "texture": "#2"},
				"south": {"uv": [10.5, 12.5, 11.5, 13.5], "texture": "#2"},
				"west": {"uv": [13.5, 1.5, 14, 2.5], "texture": "#2"},
				"up": {"uv": [14.5, 3, 13.5, 2.5], "texture": "#2"},
				"down": {"uv": [14.5, 3, 13.5, 3.5], "texture": "#2"}
			}
		},
		{
			"from": [7, -11, 9.5],
			"to": [9, -9, 8.5],
			"rotation": {"angle": 0, "axis": "y", "origin": [9, -15, 11.5]},
			"faces": {
				"north": {"uv": [12.5, 11.5, 13.5, 12.5], "texture": "#2"},
				"east": {"uv": [13.5, 3.5, 14, 4.5], "texture": "#2"},
				"south": {"uv": [12.5, 12.5, 13.5, 13.5], "texture": "#2"},
				"west": {"uv": [13.5, 4.5, 14, 5.5], "texture": "#2"},
				"up": {"uv": [14.5, 6, 13.5, 5.5], "texture": "#2"},
				"down": {"uv": [7, 13.5, 6, 14], "texture": "#2"}
			}
		},
		{
			"from": [7, -11, 7.5],
			"to": [9, -9, 6.5],
			"rotation": {"angle": 0, "axis": "y", "origin": [7, -15, 4.5]},
			"faces": {
				"east": {"uv": [7.5, 4, 8, 5], "texture": "#2"},
				"west": {"uv": [6, 10, 6.5, 11], "texture": "#2"},
				"up": {"uv": [9, 6.5, 8, 6], "texture": "#2"},
				"down": {"uv": [10, 7.5, 9, 8], "texture": "#2"}
			}
		},
		{
			"from": [7, -11, 9.5],
			"to": [9, -9, 8.5],
			"rotation": {"angle": 0, "axis": "y", "origin": [9, -15, 11.5]},
			"faces": {
				"east": {"uv": [11.5, 13, 12, 14], "texture": "#2"},
				"west": {"uv": [12, 13, 12.5, 14], "texture": "#2"},
				"up": {"uv": [10.5, 11.5, 9.5, 11], "texture": "#2"},
				"down": {"uv": [14.5, 0, 13.5, 0.5], "texture": "#2"}
			}
		}
	],
	"display": {
		"thirdperson_righthand": {
			"rotation": [66, -90, 55],
			"translation": [0, 7.25, 3.25],
			"scale": [0.62, 0.62, 0.62]
		},
		"thirdperson_lefthand": {
			"rotation": [66, -90, 55],
			"translation": [0, 7.25, 3.25],
			"scale": [0.62, 0.62, 0.62]
		},
		"firstperson_righthand": {
			"rotation": [53, -90, 55],
			"translation": [0, 7.75, 3.25],
			"scale": [0.44, 0.44, 0.44]
		},
		"firstperson_lefthand": {
			"rotation": [53, -90, 55],
			"translation": [0, 7.75, 3.25],
			"scale": [0.44, 0.44, 0.44]
		},
		"ground": {
			"rotation": [-90, 0, 0],
			"translation": [0, -1.5, -3.5],
			"scale": [0.57, 0.57, 0.57]
		},
		"gui": {
			"rotation": [-21, -17, -46],
			"translation": [3.5, 3.5, 0],
			"scale": [0.72, 0.72, 0.72]
		}
	},
	"groups": [0, 1, 2, 3, 4, 5, 6, 7, 8, 9,
		{
			"name": "bottom",
			"origin": [9, -14, 11.5],
			"color": 0,
			"children": [10, 11, 12, 13, 14]
		}
	]
}