{
	"parent": "minecraft:block/white_concrete",
	"overrides": [
	  {
		"predicate": {
		  "custom_model_data": 201
		},
		"model": "minecraft:entity/zombie/body"
	  },
	  {
		"predicate": {
		  "custom_model_data": 202
		},
		"model": "minecraft:entity/zombie/head"
	  },
	  {
		"predicate": {
		  "custom_model_data": 203
		},
		"model": "minecraft:entity/zombie/left_arm"
	  },
	  {
		"predicate": {
		  "custom_model_data": 204
		},
		"model": "minecraft:entity/zombie/right_arm"
	  },
	  {
		"predicate": {
		  "custom_model_data": 205
		},
		"model": "minecraft:entity/zombie/left_leg"
	  },
	  {
		"predicate": {
		  "custom_model_data": 206
		},
		"model": "minecraft:entity/zombie/right_leg"
	  },


	  {
		"predicate": {
		  "custom_model_data": 251
		},
		"model": "minecraft:entity/zombie/body2"
	  },
	  {
		"predicate": {
		  "custom_model_data": 252
		},
		"model": "minecraft:entity/zombie/head2"
	  },
	  {
		"predicate": {
		  "custom_model_data": 253
		},
		"model": "minecraft:entity/zombie/left_arm2"
	  },
	  {
		"predicate": {
		  "custom_model_data": 254
		},
		"model": "minecraft:entity/zombie/right_arm2"
	  },
	  {
		"predicate": {
		  "custom_model_data": 255
		},
		"model": "minecraft:entity/zombie/left_leg2"
	  },
	  {
		"predicate": {
		  "custom_model_data": 256
		},
		"model": "minecraft:entity/zombie/right_leg2"
	  },







	  {
		"predicate": {
		  "custom_model_data": 301
		},
		"model": "minecraft:entity/worm/head"
	  },
	  {
		"predicate": {
		  "custom_model_data": 302
		},
		"model": "minecraft:entity/worm/body_a"
	  },
	  {
		"predicate": {
		  "custom_model_data": 303
		},
		"model": "minecraft:entity/worm/body_b"
	  },
	  {
		"predicate": {
		  "custom_model_data": 304
		},
		"model": "minecraft:entity/worm/tail_a"
	  },
	  {
		"predicate": {
		  "custom_model_data": 305
		},
		"model": "minecraft:entity/worm/tail_b"
	  },
	  {
		"predicate": {
		  "custom_model_data": 306
		},
		"model": "minecraft:entity/worm/tail_c"
	  },


	  {
		"predicate": {
		  "custom_model_data": 351
		},
		"model": "minecraft:entity/worm/head2"
	  },
	  {
		"predicate": {
		  "custom_model_data": 352
		},
		"model": "minecraft:entity/worm/body_a2"
	  },
	  {
		"predicate": {
		  "custom_model_data": 353
		},
		"model": "minecraft:entity/worm/body_b2"
	  },
	  {
		"predicate": {
		  "custom_model_data": 354
		},
		"model": "minecraft:entity/worm/tail_a2"
	  },
	  {
		"predicate": {
		  "custom_model_data": 355
		},
		"model": "minecraft:entity/worm/tail_b2"
	  },
	  {
		"predicate": {
		  "custom_model_data": 356
		},
		"model": "minecraft:entity/worm/tail_c2"
	  },






	  {
		"predicate": {
		  "custom_model_data": 401
		},
		"model": "minecraft:entity/gremlin/stone_head"
	  },
	  {
		"predicate": {
		  "custom_model_data": 402
		},
		"model": "minecraft:entity/gremlin/stone_leg"
	  },
	  {
		"predicate": {
		  "custom_model_data": 403
		},
		"model": "minecraft:entity/gremlin/purple_head"
	  },
	  {
		"predicate": {
		  "custom_model_data": 404
		},
		"model": "minecraft:entity/gremlin/purple_leg"
	  },


	  {
		"predicate": {
		  "custom_model_data": 451
		},
		"model": "minecraft:entity/gremlin/stone_head2"
	  },
	  {
		"predicate": {
		  "custom_model_data": 452
		},
		"model": "minecraft:entity/gremlin/stone_leg2"
	  },
	  {
		"predicate": {
		  "custom_model_data": 453
		},
		"model": "minecraft:entity/gremlin/purple_head2"
	  },
	  {
		"predicate": {
		  "custom_model_data": 454
		},
		"model": "minecraft:entity/gremlin/purple_leg2"
	  },





	  {
		"predicate": {
		  "custom_model_data": 501
		},
		"model": "minecraft:entity/brute/body"
	  },
	  {
		"predicate": {
		  "custom_model_data": 502
		},
		"model": "minecraft:entity/brute/head"
	  },
	  {
		"predicate": {
		  "custom_model_data": 503
		},
		"model": "minecraft:entity/brute/left_arm"
	  },
	  {
		"predicate": {
		  "custom_model_data": 504
		},
		"model": "minecraft:entity/brute/right_arm"
	  },
	  {
		"predicate": {
		  "custom_model_data": 505
		},
		"model": "minecraft:entity/brute/left_leg"
	  },
	  {
		"predicate": {
		  "custom_model_data": 506
		},
		"model": "minecraft:entity/brute/right_leg"
	  },


	  {
		"predicate": {
		  "custom_model_data": 551
		},
		"model": "minecraft:entity/brute/body2"
	  },
	  {
		"predicate": {
		  "custom_model_data": 552
		},
		"model": "minecraft:entity/brute/head2"
	  },
	  {
		"predicate": {
		  "custom_model_data": 553
		},
		"model": "minecraft:entity/brute/left_arm2"
	  },
	  {
		"predicate": {
		  "custom_model_data": 554
		},
		"model": "minecraft:entity/brute/right_arm2"
	  },
	  {
		"predicate": {
		  "custom_model_data": 555
		},
		"model": "minecraft:entity/brute/left_leg2"
	  },
	  {
		"predicate": {
		  "custom_model_data": 556
		},
		"model": "minecraft:entity/brute/right_leg2"
	  },



	  {
		"predicate": {
		  "custom_model_data": 601
		},
		"model": "minecraft:entity/spawner/base"
	  },
	  {
		"predicate": {
		  "custom_model_data": 602
		},
		"model": "minecraft:entity/spawner/fang"
	  },
	  {
		"predicate": {
		  "custom_model_data": 603
		},
		"model": "minecraft:entity/spawner/core"
	  }
	]
  }
  