{
	"credit": "Made with Blockbench",
	"textures": {
		"0": "entity/settings/2",
		"particle": "entity/settings/2"
	},
	"elements": [
		{
			"from": [-8, -8, 8],
			"to": [24, 24, 8],
			"faces": {
				"north": {"uv": [0, 0, 16, 16], "texture": "#0"},
				"east": {"uv": [0, 0, 0, 16], "texture": "#0"},
				"south": {"uv": [0, 0, 16, 16], "texture": "#0"},
				"west": {"uv": [0, 0, 0, 16], "texture": "#0"},
				"up": {"uv": [0, 0, 16, 0], "texture": "#0"},
				"down": {"uv": [0, 0, 16, 0], "texture": "#0"}
			}
		}
	],
	"display": {
		"head": {
			"scale": [1.6, 1.6, 1.6]
		}
	}
}