{
	"credit": "Wackyblockium",
	"ambientocclusion": false,
	"textures": {
		"0": "block/board_border",
		"2": "gui/board_text5",
		"particle": "block/board_border"
	},
	"elements": [
		{
			"from": [-13, 16, -13.5],
			"to": [26, 17, 28.5],
			"shade": false,
			"rotation": {"angle": 0, "axis": "y", "origin": [26, 16.5, -13], "rescale": true},
			"faces": {
				"north": {"uv": [14.5, 16, 0, 15.75], "rotation": 270, "texture": "#0"},
				"east": {"uv": [0.25, 16, 0, 0], "rotation": 270, "texture": "#0"},
				"south": {"uv": [14.5, 0.25, 0, 0], "rotation": 270, "texture": "#0"},
				"west": {"uv": [14.5, 16, 14.25, 0], "rotation": 270, "texture": "#0"},
				"up": {"uv": [14.5, 16, 0, 0], "rotation": 270, "texture": "#0"},
				"down": {"uv": [13.5, 13.5, 0, 0], "rotation": 270, "texture": "#0"}
			}
		},
		{
			"from": [-10, 17.05, -9.5],
			"to": [27, 17.05, 27.5],
			"shade": false,
			"rotation": {"angle": 0, "axis": "y", "origin": [33, 17.75, -12], "rescale": true},
			"faces": {
				"up": {"uv": [16, 16, 0, 0], "texture": "#2"}
			}
		}
	]
}