{
    "gui_light": "side",
	"display": {
		"thirdperson_righthand": {
			"translation": [0, 2.75, -0.75],
			"scale": [0.66, 0.66, 0.66]
		},
		"thirdperson_lefthand": {
			"translation": [0, 2.75, -0.75],
			"scale": [0.66, 0.66, 0.66]
		},
		"firstperson_righthand": {
			"rotation": [0, -3, 0],
			"translation": [2, 5.25, 3.25],
			"scale": [0.52, 0.52, 0.52]
		},
		"firstperson_lefthand": {
			"rotation": [-2.75, -7.25, 0],
			"translation": [1.5, 5.5, 3.25],
			"scale": [0.52, 0.52, 0.52]
		},
		"ground": {
			"translation": [0, 1, 0],
			"scale": [0.53, 0.53, 0.53]
		},
		"gui": {
			"rotation": [30, 225, 0],
			"translation": [-0.75, 2.5, 0],
			"scale": [0.74, 0.74, 0.74]
		}
	}
}
