{
	"credit": "Made with Blockbench",
	"parent": "item/crossbow/bow_display",
	"texture_size": [64, 64],
	"textures": {
		"3": "item/crossbow_frame2",
		"particle": "item/crossbow_pull0"
	},
	"elements": [
		{
			"from": [6, 1, -1],
			"to": [10, 4, 4],
			"rotation": {"angle": 0, "axis": "y", "origin": [0, 0, 1]},
			"faces": {
				"north": {"uv": [1.75, 6.5, 2.75, 7.25], "texture": "#3"},
				"east": {"uv": [4, 5.25, 5.25, 6], "texture": "#3"},
				"south": {"uv": [2.75, 6.5, 3.75, 7.25], "texture": "#3"},
				"west": {"uv": [5.25, 5.25, 6.5, 6], "texture": "#3"},
				"up": {"uv": [5.5, 2.75, 4.5, 1.5], "texture": "#3"},
				"down": {"uv": [3, 4.5, 2, 5.75], "texture": "#3"}
			}
		},
		{
			"from": [5, 0.27269, -3.65642],
			"to": [11, 1.27269, -0.65642],
			"rotation": {"angle": -22.5, "axis": "x", "origin": [8, 0.77269, -2.65642]},
			"faces": {
				"north": {"uv": [7.5, 3.75, 9, 4], "texture": "#3"},
				"east": {"uv": [3.5, 9, 4.25, 9.25], "texture": "#3"},
				"south": {"uv": [8.25, 2, 9.75, 2.25], "texture": "#3"},
				"west": {"uv": [9, 3.75, 9.75, 4], "texture": "#3"},
				"up": {"uv": [6.5, 0.75, 5, 0], "texture": "#3"},
				"down": {"uv": [6.5, 0.75, 5, 1.5], "texture": "#3"}
			}
		},
		{
			"from": [1, 2, -1],
			"to": [6, 4, 2],
			"rotation": {"angle": 0, "axis": "y", "origin": [0, 1, 0]},
			"faces": {
				"north": {"uv": [7.5, 1, 8.75, 1.5], "texture": "#3"},
				"south": {"uv": [7.5, 1.5, 8.75, 2], "texture": "#3"},
				"up": {"uv": [6.75, 3.75, 5.5, 3], "texture": "#3"},
				"down": {"uv": [6.75, 3.75, 5.5, 4.5], "texture": "#3"}
			}
		},
		{
			"from": [-4.22264, 2.02, 5.09107],
			"to": [-3.26264, 4.98, 9.05107],
			"rotation": {"angle": 0, "axis": "y", "origin": [0.75736, 1, 1.07107]},
			"faces": {
				"east": {"uv": [3.75, 6.5, 4.75, 7.25], "texture": "#3"},
				"south": {"uv": [4.25, 9, 4.5, 9.75], "texture": "#3"},
				"west": {"uv": [4.75, 6.5, 5.75, 7.25], "texture": "#3"},
				"up": {"uv": [9, 2, 8.75, 1], "texture": "#3"},
				"down": {"uv": [6, 8.75, 5.75, 9.75], "texture": "#3"}
			}
		},
		{
			"from": [5, 1, -2],
			"to": [6, 5, 4],
			"rotation": {"angle": 0, "axis": "y", "origin": [0, 1, 1]},
			"faces": {
				"north": {"uv": [6, 8.75, 6.25, 9.75], "texture": "#3"},
				"east": {"uv": [0, 1.5, 1.5, 2.5], "texture": "#3"},
				"south": {"uv": [6.25, 8.75, 6.5, 9.75], "texture": "#3"},
				"west": {"uv": [1.5, 1.5, 3, 2.5], "texture": "#3"},
				"up": {"uv": [1.75, 9.75, 1.5, 8.25], "texture": "#3"},
				"down": {"uv": [2, 8.25, 1.75, 9.75], "texture": "#3"}
			}
		},
		{
			"from": [2.98, 3.98, -1.02],
			"to": [7.02, 5.02, 1.02],
			"rotation": {"angle": 0, "axis": "y", "origin": [1, 6, 1]},
			"faces": {
				"north": {"uv": [5.5, 5, 6.5, 5.25], "texture": "#3"},
				"east": {"uv": [4, 5, 4.5, 5.25], "texture": "#3"},
				"south": {"uv": [2, 5.75, 3, 6], "texture": "#3"},
				"west": {"uv": [9, 4, 9.5, 4.25], "texture": "#3"},
				"up": {"uv": [1, 6, 0, 5.5], "texture": "#3"},
				"down": {"uv": [3.25, 8, 2.25, 8.5], "texture": "#3"}
			}
		},
		{
			"from": [8.98, 3.98, -1.02],
			"to": [13.02, 5.02, 1.02],
			"rotation": {"angle": 0, "axis": "y", "origin": [15, 6, 1]},
			"faces": {
				"north": {"uv": [8.75, 3.5, 9.75, 3.75], "texture": "#3"},
				"east": {"uv": [9, 4.25, 9.5, 4.5], "texture": "#3"},
				"south": {"uv": [8.75, 4.5, 9.75, 4.75], "texture": "#3"},
				"west": {"uv": [8, 9, 8.5, 9.25], "texture": "#3"},
				"up": {"uv": [4.25, 8.5, 3.25, 8], "texture": "#3"},
				"down": {"uv": [9, 7.5, 8, 8], "texture": "#3"}
			}
		},
		{
			"from": [7, 2, -2],
			"to": [9, 5, 10],
			"rotation": {"angle": 0, "axis": "y", "origin": [0, 1, 1]},
			"faces": {
				"north": {"uv": [8.25, 2.25, 8.75, 3], "texture": "#3"},
				"east": {"uv": [0, 0, 3, 0.75], "texture": "#3"},
				"south": {"uv": [8.25, 3, 8.75, 3.75], "texture": "#3"},
				"west": {"uv": [0, 0.75, 3, 1.5], "texture": "#3"},
				"up": {"uv": [0.5, 5.5, 0, 2.5], "texture": "#3"},
				"down": {"uv": [1, 2.5, 0.5, 5.5], "texture": "#3"}
			}
		},
		{
			"from": [8.08242, 3, -9.35968],
			"to": [9.08242, 5, -6.35968],
			"rotation": {"angle": -22.5, "axis": "y", "origin": [-1.91758, 1, 0.64032]},
			"faces": {
				"north": {"uv": [6.5, 1, 6.75, 1.5], "texture": "#3"},
				"east": {"uv": [8.25, 4, 9, 4.5], "texture": "#3"},
				"west": {"uv": [5.75, 8.25, 6.5, 8.75], "texture": "#3"},
				"up": {"uv": [4.75, 9.75, 4.5, 9], "texture": "#3"},
				"down": {"uv": [5, 9, 4.75, 9.75], "texture": "#3"}
			}
		},
		{
			"from": [6.22209, 3, -2.85614],
			"to": [7.22209, 5, 0.14386],
			"rotation": {"angle": 22.5, "axis": "y", "origin": [1.22209, 1, 2.14386]},
			"faces": {
				"north": {"uv": [8.5, 9, 8.75, 9.5], "texture": "#3"},
				"east": {"uv": [6.5, 8.25, 7.25, 8.75], "texture": "#3"},
				"west": {"uv": [7.25, 8.25, 8, 8.75], "texture": "#3"},
				"up": {"uv": [5.25, 9.75, 5, 9], "texture": "#3"},
				"down": {"uv": [5.5, 9, 5.25, 9.75], "texture": "#3"}
			}
		},
		{
			"from": [10, 1, -2],
			"to": [11, 5, 4],
			"rotation": {"angle": 0, "axis": "y", "origin": [0, 1, 1]},
			"faces": {
				"north": {"uv": [6.5, 8.75, 6.75, 9.75], "texture": "#3"},
				"east": {"uv": [1, 2.5, 2.5, 3.5], "texture": "#3"},
				"south": {"uv": [6.75, 8.75, 7, 9.75], "texture": "#3"},
				"west": {"uv": [2.5, 2.5, 4, 3.5], "texture": "#3"},
				"up": {"uv": [2.25, 9.75, 2, 8.25], "texture": "#3"},
				"down": {"uv": [2.5, 8.5, 2.25, 10], "texture": "#3"}
			}
		},
		{
			"from": [-1.58579, 2, -2],
			"to": [1.41421, 6, 1],
			"rotation": {"angle": 45, "axis": "y", "origin": [2.41421, 1, -1]},
			"faces": {
				"north": {"uv": [6.5, 5, 7.25, 6], "texture": "#3"},
				"east": {"uv": [5.75, 6.5, 6.5, 7.5], "texture": "#3"},
				"south": {"uv": [6.5, 6.5, 7.25, 7.5], "texture": "#3"},
				"west": {"uv": [6.75, 1, 7.5, 2], "texture": "#3"},
				"up": {"uv": [8.25, 3.75, 7.5, 3], "texture": "#3"},
				"down": {"uv": [6.5, 7.5, 5.75, 8.25], "texture": "#3"}
			}
		},
		{
			"from": [-6.25862, 3, 2.92485],
			"to": [-3.25862, 5, 5.92485],
			"rotation": {"angle": 0, "axis": "y", "origin": [-4.75862, 4, 5.42485]},
			"faces": {
				"north": {"uv": [2.5, 8.5, 3.25, 9], "texture": "#3"},
				"east": {"uv": [3.25, 8.5, 4, 9], "texture": "#3"},
				"south": {"uv": [4, 8.5, 4.75, 9], "texture": "#3"},
				"west": {"uv": [4.75, 8.5, 5.5, 9], "texture": "#3"},
				"up": {"uv": [7.25, 8.25, 6.5, 7.5], "texture": "#3"},
				"down": {"uv": [8, 7.5, 7.25, 8.25], "texture": "#3"}
			}
		},
		{
			"from": [-5.25862, 2, 3.92485],
			"to": [-4.25862, 7, 4.92485],
			"rotation": {"angle": 0, "axis": "y", "origin": [-4.75862, 4, 5.42485]},
			"faces": {
				"north": {"uv": [5.5, 8.5, 5.75, 9.75], "texture": "#3"},
				"east": {"uv": [0, 8.75, 0.25, 10], "texture": "#3"},
				"south": {"uv": [0.25, 8.75, 0.5, 10], "texture": "#3"},
				"west": {"uv": [0.5, 8.75, 0.75, 10], "texture": "#3"},
				"up": {"uv": [1.75, 7.25, 1.5, 7], "texture": "#3"},
				"down": {"uv": [9.5, 1, 9.25, 1.25], "texture": "#3"}
			}
		},
		{
			"from": [20.25862, 2, 3.92485],
			"to": [21.25862, 7, 4.92485],
			"rotation": {"angle": 0, "axis": "y", "origin": [20.75862, 4, 5.42485]},
			"faces": {
				"north": {"uv": [0.75, 8.75, 1, 10], "texture": "#3"},
				"east": {"uv": [1, 8.75, 1.25, 10], "texture": "#3"},
				"south": {"uv": [1.25, 8.75, 1.5, 10], "texture": "#3"},
				"west": {"uv": [8.75, 2.25, 9, 3.5], "texture": "#3"},
				"up": {"uv": [9.5, 1.5, 9.25, 1.25], "texture": "#3"},
				"down": {"uv": [9.5, 1.5, 9.25, 1.75], "texture": "#3"}
			}
		},
		{
			"from": [-7.58579, 5, -2],
			"to": [-1.58579, 6, 0],
			"rotation": {"angle": 45, "axis": "y", "origin": [2.41421, 1, -1]},
			"faces": {
				"north": {"uv": [8.5, 5, 10, 5.25], "texture": "#3"},
				"east": {"uv": [9, 8.25, 9.5, 8.5], "texture": "#3"},
				"south": {"uv": [8.5, 5.25, 10, 5.5], "texture": "#3"},
				"west": {"uv": [8.75, 9, 9.25, 9.25], "texture": "#3"},
				"up": {"uv": [8.25, 2.5, 6.75, 2], "texture": "#3"},
				"down": {"uv": [8.25, 2.5, 6.75, 3], "texture": "#3"}
			}
		},
		{
			"from": [-8.58579, 2, -2],
			"to": [-1.58579, 4, 0],
			"rotation": {"angle": 45, "axis": "y", "origin": [2.41421, 1, -1]},
			"faces": {
				"north": {"uv": [5.5, 4.5, 7.25, 5], "texture": "#3"},
				"east": {"uv": [3, 4.5, 3.5, 5], "texture": "#3"},
				"south": {"uv": [0, 6, 1.75, 6.5], "texture": "#3"},
				"west": {"uv": [7, 8.75, 7.5, 9.25], "texture": "#3"},
				"up": {"uv": [3.5, 6.5, 1.75, 6], "texture": "#3"},
				"down": {"uv": [5.25, 6, 3.5, 6.5], "texture": "#3"}
			}
		},
		{
			"from": [14.58579, 2, -2],
			"to": [17.58579, 6, 1],
			"rotation": {"angle": -45, "axis": "y", "origin": [13.58579, 1, -1]},
			"faces": {
				"north": {"uv": [6.75, 3, 7.5, 4], "texture": "#3"},
				"east": {"uv": [0, 7, 0.75, 8], "texture": "#3"},
				"south": {"uv": [0.75, 7, 1.5, 8], "texture": "#3"},
				"west": {"uv": [1.5, 7.25, 2.25, 8.25], "texture": "#3"},
				"up": {"uv": [5, 8.5, 4.25, 7.75], "texture": "#3"},
				"down": {"uv": [5.75, 7.75, 5, 8.5], "texture": "#3"}
			}
		},
		{
			"from": [17.58579, 5, -2],
			"to": [23.58579, 6, 0],
			"rotation": {"angle": -45, "axis": "y", "origin": [13.58579, 1, -1]},
			"faces": {
				"north": {"uv": [8.5, 5.5, 10, 5.75], "texture": "#3"},
				"east": {"uv": [9.25, 0, 9.75, 0.25], "texture": "#3"},
				"south": {"uv": [8.5, 5.75, 10, 6], "texture": "#3"},
				"west": {"uv": [9.25, 0.25, 9.75, 0.5], "texture": "#3"},
				"up": {"uv": [8.25, 4.5, 6.75, 4], "texture": "#3"},
				"down": {"uv": [8.5, 6, 7, 6.5], "texture": "#3"}
			}
		},
		{
			"from": [17.58579, 2, -2],
			"to": [24.58579, 4, 0],
			"rotation": {"angle": -45, "axis": "y", "origin": [13.58579, 1, -1]},
			"faces": {
				"north": {"uv": [5.25, 6, 7, 6.5], "texture": "#3"},
				"east": {"uv": [7.5, 8.75, 8, 9.25], "texture": "#3"},
				"south": {"uv": [0, 6.5, 1.75, 7], "texture": "#3"},
				"west": {"uv": [8.75, 8.5, 9.25, 9], "texture": "#3"},
				"up": {"uv": [8.25, 0.5, 6.5, 0], "texture": "#3"},
				"down": {"uv": [8.25, 0.5, 6.5, 1], "texture": "#3"}
			}
		},
		{
			"from": [19.25862, 3, 2.92485],
			"to": [22.25862, 5, 5.92485],
			"rotation": {"angle": 0, "axis": "y", "origin": [20.75862, 4, 5.42485]},
			"faces": {
				"north": {"uv": [8.5, 6, 9.25, 6.5], "texture": "#3"},
				"east": {"uv": [8.5, 6.5, 9.25, 7], "texture": "#3"},
				"south": {"uv": [8.5, 7, 9.25, 7.5], "texture": "#3"},
				"west": {"uv": [8, 8.5, 8.75, 9], "texture": "#3"},
				"up": {"uv": [0.75, 8.75, 0, 8], "texture": "#3"},
				"down": {"uv": [1.5, 8, 0.75, 8.75], "texture": "#3"}
			}
		},
		{
			"from": [19.26264, 2.02, 5.09107],
			"to": [20.22264, 4.98, 9.05107],
			"rotation": {"angle": 0, "axis": "y", "origin": [15.24264, 1, 1.07107]},
			"faces": {
				"east": {"uv": [2.25, 7.25, 3.25, 8], "texture": "#3"},
				"south": {"uv": [9, 7.5, 9.25, 8.25], "texture": "#3"},
				"west": {"uv": [3.25, 7.25, 4.25, 8], "texture": "#3"},
				"up": {"uv": [9.25, 2, 9, 1], "texture": "#3"},
				"down": {"uv": [9.25, 2.25, 9, 3.25], "texture": "#3"}
			}
		},
		{
			"from": [10, 2, -1],
			"to": [15, 4, 2],
			"rotation": {"angle": 0, "axis": "y", "origin": [16, 1, 0]},
			"faces": {
				"north": {"uv": [7.25, 5, 8.5, 5.5], "texture": "#3"},
				"south": {"uv": [7.25, 5.5, 8.5, 6], "texture": "#3"},
				"up": {"uv": [6.75, 2.25, 5.5, 1.5], "texture": "#3"},
				"down": {"uv": [6.75, 2.25, 5.5, 3], "texture": "#3"}
			}
		},
		{
			"from": [5.98, 1.98, 3.98],
			"to": [10.02, 4.02, 10.02],
			"faces": {
				"east": {"uv": [4.25, 7.25, 5.75, 7.75], "texture": "#3"},
				"west": {"uv": [7.25, 4.5, 8.75, 5], "texture": "#3"},
				"up": {"uv": [4, 1.5, 3, 0], "texture": "#3"},
				"down": {"uv": [2, 3.5, 1, 5], "texture": "#3"}
			}
		},
		{
			"from": [6, 1, 10],
			"to": [10, 5, 16],
			"faces": {
				"north": {"uv": [1, 5, 2, 6], "texture": "#3"},
				"east": {"uv": [3, 1.5, 4.5, 2.5], "texture": "#3"},
				"south": {"uv": [3, 5, 4, 6], "texture": "#3"},
				"west": {"uv": [2, 3.5, 3.5, 4.5], "texture": "#3"},
				"up": {"uv": [4.5, 5, 3.5, 3.5], "texture": "#3"},
				"down": {"uv": [5, 0, 4, 1.5], "texture": "#3"}
			}
		},
		{
			"from": [6, 3, 16],
			"to": [10, 5, 21],
			"faces": {
				"east": {"uv": [7.25, 6.5, 8.5, 7], "texture": "#3"},
				"south": {"uv": [8, 8, 9, 8.5], "texture": "#3"},
				"west": {"uv": [7.25, 7, 8.5, 7.5], "texture": "#3"},
				"up": {"uv": [5.5, 4, 4.5, 2.75], "texture": "#3"},
				"down": {"uv": [5.5, 4, 4.5, 5.25], "texture": "#3"}
			}
		},
		{
			"from": [7, 5, 5],
			"to": [9, 7, 9],
			"faces": {
				"north": {"uv": [2.5, 9, 3, 9.5], "texture": "#3"},
				"east": {"uv": [8.25, 0, 9.25, 0.5], "texture": "#3"},
				"south": {"uv": [3, 9, 3.5, 9.5], "texture": "#3"},
				"west": {"uv": [8.25, 0.5, 9.25, 1], "texture": "#3"},
				"up": {"uv": [4.5, 3.5, 4, 2.5], "texture": "#3"}
			}
		},
		{
			"from": [7, 7, 5],
			"to": [9, 8, 9],
			"rotation": {"angle": 0, "axis": "y", "origin": [0, 2, 0]},
			"faces": {
				"east": {"uv": [8.75, 4.75, 9.75, 5], "texture": "#3"},
				"south": {"uv": [9.25, 0.75, 9.75, 1], "texture": "#3"},
				"west": {"uv": [9, 3.25, 10, 3.5], "texture": "#3"}
			}
		},
		{
			"from": [9, 7, 5],
			"to": [7, 8, 9],
			"rotation": {"angle": 0, "axis": "y", "origin": [0, 2, 0]},
			"faces": {
				"north": {"uv": [9.25, 0.5, 9.75, 0.75], "texture": "#3"},
				"east": {"uv": [8.75, 4.75, 9.75, 5], "texture": "#3"},
				"south": {"uv": [9.25, 0.75, 9.75, 1], "texture": "#3"},
				"west": {"uv": [9, 3.25, 10, 3.5], "texture": "#3"}
			}
		},
		{
			"from": [-3, 4.1, 5],
			"to": [19, 5.1, 15],
			"rotation": {"angle": 0, "axis": "x", "origin": [8, 4.6, 11]},
			"faces": {
				"up": {"uv": [0, 11, 11, 16], "rotation": 180, "texture": "#particle"}
			}
		}
	]
}