{
	"credit": "Made with Blockbench",
	"texture_size": [64, 64],
	"textures": {
		"1": "custom_mobs/brute_arm"
	},
	"elements": [
		{
			"from": [8.98, 13.18, 8.48],
			"to": [18.02, 17.22, 19.52],
			"rotation": {"angle": -22.5, "axis": "x", "origin": [6, 3.2, 6.5]},
			"faces": {
				"north": {"uv": [7.75, 0, 10, 1], "texture": "#1"},
				"east": {"uv": [7.25, 3.5, 10, 4.5], "texture": "#1"},
				"south": {"uv": [7.75, 1, 10, 2], "texture": "#1"},
				"west": {"uv": [7, 7.5, 9.75, 8.5], "texture": "#1"},
				"up": {"uv": [2.25, 2.75, 0, 0], "texture": "#1"},
				"down": {"uv": [4.5, 0, 2.25, 2.75], "texture": "#1"}
			}
		},
		{
			"from": [8, 10, 4.5],
			"to": [16, 16, 10.5],
			"rotation": {"angle": 0, "axis": "y", "origin": [6, 4, -0.5]},
			"faces": {
				"north": {"uv": [3, 6.75, 5, 8.25], "texture": "#1"},
				"east": {"uv": [2.25, 8.25, 3.75, 9.75], "texture": "#1"},
				"south": {"uv": [5, 6.75, 7, 8.25], "texture": "#1"},
				"west": {"uv": [3.75, 8.25, 5.25, 9.75], "texture": "#1"},
				"up": {"uv": [9, 6, 7, 4.5], "texture": "#1"},
				"down": {"uv": [9, 6, 7, 7.5], "texture": "#1"}
			}
		},
		{
			"from": [12, 0, 5.5],
			"to": [16, 6, 9.5],
			"rotation": {"angle": 0, "axis": "y", "origin": [6, -6, -0.5]},
			"faces": {
				"north": {"uv": [9, 4.5, 10, 6], "texture": "#1"},
				"east": {"uv": [9, 6, 10, 7.5], "texture": "#1"},
				"south": {"uv": [9.25, 8.5, 10.25, 10], "texture": "#1"},
				"west": {"uv": [9.5, 2, 10.5, 3.5], "texture": "#1"},
				"up": {"uv": [10.75, 8.5, 9.75, 7.5], "texture": "#1"},
				"down": {"uv": [11, 0, 10, 1], "texture": "#1"}
			}
		},
		{
			"from": [11, -2, 9.5],
			"to": [17, 8, 11.5],
			"rotation": {"angle": 0, "axis": "y", "origin": [6, -6, 3.5]},
			"faces": {
				"north": {"uv": [0, 5, 1.5, 7.5], "texture": "#1"},
				"east": {"uv": [8.5, 9.75, 9, 12.25], "texture": "#1"},
				"south": {"uv": [1.5, 5, 3, 7.5], "texture": "#1"},
				"west": {"uv": [0, 10, 0.5, 12.5], "texture": "#1"},
				"up": {"uv": [11.5, 6, 10, 5.5], "texture": "#1"},
				"down": {"uv": [11.5, 6, 10, 6.5], "texture": "#1"}
			}
		},
		{
			"from": [12, 10, 10.5],
			"to": [17, 17, 13.5],
			"rotation": {"angle": 0, "axis": "y", "origin": [6, 4, 5.5]},
			"faces": {
				"north": {"uv": [5.25, 8.25, 6.5, 10], "texture": "#1"},
				"east": {"uv": [4.5, 9.75, 5.25, 11.5], "texture": "#1"},
				"south": {"uv": [6.5, 8.5, 7.75, 10.25], "texture": "#1"},
				"west": {"uv": [7.75, 9.75, 8.5, 11.5], "texture": "#1"},
				"up": {"uv": [11.25, 1.75, 10, 1], "texture": "#1"},
				"down": {"uv": [11.25, 3.5, 10, 4.25], "texture": "#1"}
			}
		},
		{
			"from": [13, 6, 6.5],
			"to": [15, 10, 12.5],
			"rotation": {"angle": 0, "axis": "y", "origin": [6, -3, 4.5]},
			"faces": {
				"north": {"uv": [1.5, 8.75, 2, 9.75], "texture": "#1"},
				"east": {"uv": [1.5, 9.75, 3, 10.75], "texture": "#1"},
				"south": {"uv": [10, 6.5, 10.5, 7.5], "texture": "#1"},
				"west": {"uv": [3, 9.75, 4.5, 10.75], "texture": "#1"},
				"up": {"uv": [5.75, 11.5, 5.25, 10], "texture": "#1"},
				"down": {"uv": [6.25, 10, 5.75, 11.5], "texture": "#1"}
			}
		},
		{
			"from": [10, -9, 5.5],
			"to": [18, 0, 12.5],
			"rotation": {"angle": 0, "axis": "y", "origin": [6, -13, 3.5]},
			"faces": {
				"north": {"uv": [0, 2.75, 2, 5], "texture": "#1"},
				"east": {"uv": [4, 2.75, 5.75, 5], "texture": "#1"},
				"south": {"uv": [2, 2.75, 4, 5], "texture": "#1"},
				"west": {"uv": [4.5, 0, 6.25, 2.25], "texture": "#1"},
				"up": {"uv": [5, 6.75, 3, 5], "texture": "#1"},
				"down": {"uv": [7, 5, 5, 6.75], "texture": "#1"}
			}
		},
		{
			"from": [13, -9, 3.5],
			"to": [16, -4, 5.5],
			"rotation": {"angle": 0, "axis": "y", "origin": [25, -13, 7.5]},
			"faces": {
				"north": {"uv": [10, 4.25, 10.75, 5.5], "texture": "#1"},
				"east": {"uv": [9.5, 10, 10, 11.25], "texture": "#1"},
				"south": {"uv": [0.5, 10, 1.25, 11.25], "texture": "#1"},
				"west": {"uv": [9, 10, 9.5, 11.25], "texture": "#1"},
				"up": {"uv": [4.5, 2.25, 5.25, 2.75], "texture": "#1"},
				"down": {"uv": [5.75, 5, 6.5, 4.5], "texture": "#1"}
			}
		},
		{
			"from": [10, -11, 4.5],
			"to": [16, -6, 13.5],
			"rotation": {"angle": 22.5, "axis": "z", "origin": [13.5, -8.5, 9]},
			"faces": {
				"north": {"uv": [9.25, 8.5, 7.75, 9.75], "texture": "#1"},
				"east": {"uv": [2.25, 7.5, 0, 8.75], "texture": "#1"},
				"south": {"uv": [1.5, 8.75, 0, 10], "texture": "#1"},
				"west": {"uv": [9.5, 2.25, 7.25, 3.5], "texture": "#1"},
				"up": {"uv": [5.75, 4.5, 7.25, 2.25], "texture": "#1"},
				"down": {"uv": [6.25, 0, 7.75, 2.25], "texture": "#1"}
			}
		}
	],
	"display": {
		"head": {
			"translation": [0, -10, 0],
			"scale": [1.7, 1.7, 1.7]
		}
	}
}