{
	"credit": "Made with Blockbench",
	"texture_size": [128, 128],
	"textures": {
		"2": "block/altar_main",
		"particle": "block/altar_main"
	},
	"elements": [
		{
			"from": [1, -16, -1.7],
			"to": [15, -12, 1.3],
			"rotation": {"angle": 0, "axis": "y", "origin": [0, 0, -1.7]},
			"faces": {
				"north": {"uv": [9.125, 3, 10.875, 3.5], "texture": "#2"},
				"south": {"uv": [9.125, 3, 10.875, 3.5], "texture": "#2"},
				"up": {"uv": [3.875, 9.625, 2.125, 9.25], "texture": "#2"}
			}
		},
		{
			"from": [1, -16, 1.3],
			"to": [15, -15, 15.3],
			"rotation": {"angle": 0, "axis": "y", "origin": [0, 0, -1.7]},
			"faces": {
				"up": {"uv": [6.125, 1.75, 4.375, 0], "texture": "#2"}
			}
		},
		{
			"from": [1, -15, 1.3],
			"to": [3, -14, 15.3],
			"rotation": {"angle": 0, "axis": "y", "origin": [0, 0, -1.7]},
			"faces": {
				"east": {"uv": [2.25, 14.875, 2.125, 13.125], "rotation": 90, "texture": "#2"},
				"up": {"uv": [2.375, 14.875, 2.125, 13.125], "texture": "#2"}
			}
		},
		{
			"from": [13, -15, 1.3],
			"to": [15, -14, 15.3],
			"rotation": {"angle": 0, "axis": "y", "origin": [0, 0, -1.7]},
			"faces": {
				"west": {"uv": [2.625, 14.875, 2.5, 13.125], "rotation": 270, "texture": "#2"},
				"up": {"uv": [2.625, 14.875, 2.375, 13.125], "texture": "#2"}
			}
		},
		{
			"from": [3, -15, 1.3],
			"to": [13, -14, 3.3],
			"rotation": {"angle": 0, "axis": "y", "origin": [0, 0, -1.7]},
			"faces": {
				"south": {"uv": [13.5, 8.75, 12.25, 8.625], "texture": "#2"},
				"up": {"uv": [13.5, 8.875, 12.25, 8.625], "texture": "#2"}
			}
		},
		{
			"from": [3, -15, 13.3],
			"to": [13, -14, 15.3],
			"rotation": {"angle": 0, "axis": "y", "origin": [0, 0, -1.7]},
			"faces": {
				"north": {"uv": [13.5, 8.625, 12.25, 8.5], "rotation": 180, "texture": "#2"},
				"up": {"uv": [13.5, 8.625, 12.25, 8.375], "texture": "#2"}
			}
		},
		{
			"from": [1, -16, 15.3],
			"to": [15, -12, 18.3],
			"rotation": {"angle": 0, "axis": "y", "origin": [0, 0, -1.7]},
			"faces": {
				"north": {"uv": [9.125, 3.5, 10.875, 4], "texture": "#2"},
				"west": {"uv": [3, 9.875, 3.375, 10.375], "texture": "#2"},
				"up": {"uv": [11, 6.75, 9.25, 6.375], "texture": "#2"}
			}
		},
		{
			"from": [15, -16, -1.7],
			"to": [18, -12, 17.3],
			"rotation": {"angle": 0, "axis": "y", "origin": [0, 0, -1.7]},
			"faces": {
				"north": {"uv": [4, 7.25, 4.375, 7.75], "texture": "#2"},
				"east": {"uv": [8.5, 2, 10.875, 2.5], "texture": "#2"},
				"west": {"uv": [8.5, 2.5, 10.875, 3], "texture": "#2"},
				"up": {"uv": [5.25, 10.125, 4.875, 7.75], "texture": "#2"}
			}
		},
		{
			"from": [-2, -16, -1.7],
			"to": [1, -12, 17.3],
			"rotation": {"angle": 0, "axis": "y", "origin": [0, 0, -1.7]},
			"faces": {
				"north": {"uv": [2.625, 9.875, 3, 10.375], "texture": "#2"},
				"east": {"uv": [8.75, 7.375, 11.125, 7.875], "texture": "#2"},
				"west": {"uv": [8.75, 7.875, 11.125, 8.375], "texture": "#2"},
				"up": {"uv": [7.375, 11.375, 7, 9], "texture": "#2"}
			}
		},
		{
			"from": [3, -16, -5.7],
			"to": [13, -14, -1.7],
			"rotation": {"angle": 0, "axis": "y", "origin": [0, 0, -1.7]},
			"faces": {
				"north": {"uv": [2.625, 9.625, 3.875, 9.875], "texture": "#2"},
				"east": {"uv": [6.375, 7.25, 6.875, 7.5], "texture": "#2"},
				"west": {"uv": [3.375, 9.875, 3.875, 10.125], "texture": "#2"},
				"up": {"uv": [10.5, 7.25, 9.25, 6.75], "texture": "#2"}
			}
		},
		{
			"from": [2, -16, 17.3],
			"to": [14, 9, 25.3],
			"rotation": {"angle": 0, "axis": "y", "origin": [0, 0, -1.7]},
			"faces": {
				"north": {"uv": [0, 0, 1.5, 3.125], "texture": "#2"},
				"east": {"uv": [0, 3.125, 1, 6.25], "texture": "#2"},
				"south": {"uv": [1.5, 0, 3, 3.125], "texture": "#2"},
				"west": {"uv": [1, 3.125, 2, 6.25], "texture": "#2"},
				"up": {"uv": [9.125, 4.125, 7.625, 3.125], "texture": "#2"}
			}
		},
		{
			"from": [3, 9, 18.3],
			"to": [13, 10, 24.3],
			"rotation": {"angle": 0, "axis": "y", "origin": [0, 0, -1.7]},
			"faces": {
				"north": {"uv": [7.375, 9.875, 8.625, 10], "texture": "#2"},
				"east": {"uv": [8, 7.625, 8.75, 7.75], "texture": "#2"},
				"south": {"uv": [9.75, 9.875, 11, 10], "texture": "#2"},
				"west": {"uv": [10, 0.125, 10.75, 0.25], "texture": "#2"}
			}
		},
		{
			"from": [0, 10, 16.3],
			"to": [16, 15, 26.3],
			"rotation": {"angle": 0, "axis": "y", "origin": [0, 0, -1.7]},
			"faces": {
				"north": {"uv": [8, 5.125, 10, 5.75], "texture": "#2"},
				"east": {"uv": [7.375, 9, 8.625, 9.625], "texture": "#2"},
				"south": {"uv": [8, 5.75, 10, 6.375], "texture": "#2"},
				"west": {"uv": [0, 9.25, 1.25, 9.875], "texture": "#2"},
				"up": {"uv": [8.125, 1.25, 6.125, 0], "texture": "#2"},
				"down": {"uv": [2, 6.25, 0, 7.5], "texture": "#2"}
			}
		},
		{
			"from": [3, 20, 19.3],
			"to": [13, 30, 23.3],
			"rotation": {"angle": 0, "axis": "y", "origin": [0, 0, -1.7]},
			"faces": {
				"north": {"uv": [12.25, 1, 13.5, 2.25], "texture": "#2"},
				"south": {"uv": [12.25, 1, 13.5, 2.25], "texture": "#2"}
			}
		},
		{
			"from": [3, 30, 17.3],
			"to": [13, 32, 25.3],
			"rotation": {"angle": 0, "axis": "y", "origin": [0, 0, -1.7]},
			"faces": {
				"north": {"uv": [7.375, 9.625, 8.625, 9.875], "texture": "#2"},
				"south": {"uv": [9.75, 1, 11, 1.25], "texture": "#2"},
				"up": {"uv": [9.25, 7.375, 8, 6.375], "texture": "#2"},
				"down": {"uv": [9.375, 0, 8.125, 1], "texture": "#2"}
			}
		},
		{
			"from": [3, 18, 17.3],
			"to": [13, 20, 25.3],
			"rotation": {"angle": 0, "axis": "y", "origin": [0, 0, -1.7]},
			"faces": {
				"north": {"uv": [9.75, 1.25, 11, 1.5], "texture": "#2"},
				"south": {"uv": [9.75, 1.5, 11, 1.75], "texture": "#2"},
				"up": {"uv": [3.875, 9.25, 2.625, 8.25], "texture": "#2"},
				"down": {"uv": [9.75, 1, 8.5, 2], "texture": "#2"}
			}
		},
		{
			"from": [3, 20, 18.3],
			"to": [5, 30, 24.3],
			"rotation": {"angle": 0, "axis": "y", "origin": [0, 0, -1.7]},
			"faces": {
				"north": {"uv": [3.875, 12.625, 4.125, 13.875], "texture": "#2"},
				"east": {"uv": [7.375, 11.75, 8.125, 13], "texture": "#2"},
				"south": {"uv": [4.125, 12.625, 4.375, 13.875], "texture": "#2"}
			}
		},
		{
			"from": [11, 20, 18.3],
			"to": [13, 30, 24.3],
			"rotation": {"angle": 0, "axis": "y", "origin": [0, 0, -1.7]},
			"faces": {
				"north": {"uv": [4.125, 12.625, 4.375, 13.875], "texture": "#2"},
				"south": {"uv": [4.625, 12.625, 4.875, 13.875], "texture": "#2"},
				"west": {"uv": [7.375, 11.75, 8.125, 13], "texture": "#2"}
			}
		},
		{
			"from": [5, 20, 18.3],
			"to": [11, 22, 24.3],
			"rotation": {"angle": 0, "axis": "y", "origin": [0, 0, -1.7]},
			"faces": {
				"north": {"uv": [2.625, 12.125, 3.375, 12.375], "texture": "#2"},
				"south": {"uv": [2.625, 12.125, 3.375, 12.375], "texture": "#2"},
				"up": {"uv": [2.125, 11.625, 1.375, 10.875], "texture": "#2"}
			}
		},
		{
			"from": [5, 28, 18.3],
			"to": [7, 30, 24.3],
			"rotation": {"angle": 0, "axis": "y", "origin": [0, 0, -1.7]},
			"faces": {
				"north": {"uv": [5.125, 11.875, 5.375, 12.125], "rotation": 180, "texture": "#2"},
				"east": {"uv": [5.125, 11.875, 5.375, 12.125], "rotation": 180, "texture": "#2"},
				"south": {"uv": [4.875, 12.125, 5.125, 11.875], "texture": "#2"},
				"down": {"uv": [5.125, 11.875, 5.375, 12], "rotation": 180, "texture": "#2"}
			}
		},
		{
			"from": [9, 28, 18.3],
			"to": [11, 30, 24.3],
			"rotation": {"angle": 0, "axis": "y", "origin": [0, 0, -1.7]},
			"faces": {
				"north": {"uv": [4.875, 11.875, 5.125, 12.125], "rotation": 180, "texture": "#2"},
				"south": {"uv": [4.875, 12.125, 5.125, 11.875], "texture": "#2"},
				"west": {"uv": [4.875, 11.875, 5.125, 12.125], "rotation": 180, "texture": "#2"},
				"down": {"uv": [4.875, 11.875, 5.125, 12], "rotation": 180, "texture": "#2"}
			}
		},
		{
			"from": [1, 18, 17.3],
			"to": [3, 32, 25.3],
			"rotation": {"angle": 0, "axis": "y", "origin": [0, 0, -1.7]},
			"faces": {
				"north": {"uv": [4, 5.5, 4.25, 7.25], "texture": "#2"},
				"east": {"uv": [7, 4.25, 8, 6], "texture": "#2"},
				"south": {"uv": [2.625, 6.125, 2.875, 7.875], "texture": "#2"},
				"west": {"uv": [7, 6, 8, 7.75], "texture": "#2"},
				"up": {"uv": [8.875, 10.625, 8.625, 9.625], "texture": "#2"},
				"down": {"uv": [9.125, 9.625, 8.875, 10.625], "texture": "#2"}
			}
		},
		{
			"from": [13, 18, 17.3],
			"to": [15, 32, 25.3],
			"rotation": {"angle": 0, "axis": "y", "origin": [0, 0, -1.7]},
			"faces": {
				"north": {"uv": [6, 9.375, 6.25, 11.125], "texture": "#2"},
				"east": {"uv": [0, 7.5, 1, 9.25], "texture": "#2"},
				"south": {"uv": [9.5, 8.375, 9.75, 10.125], "texture": "#2"},
				"west": {"uv": [1, 7.5, 2, 9.25], "texture": "#2"},
				"up": {"uv": [9.375, 10.625, 9.125, 9.625], "texture": "#2"},
				"down": {"uv": [10, 8.625, 9.75, 9.625], "texture": "#2"}
			}
		},
		{
			"from": [-7, -16, 12.3],
			"to": [-2, 8, 20.3],
			"rotation": {"angle": 0, "axis": "y", "origin": [-4, -3, 20.3]},
			"faces": {
				"north": {"uv": [2, 6.125, 2.625, 9.125], "texture": "#2"},
				"east": {"uv": [2, 3.125, 3, 6.125], "texture": "#2"},
				"south": {"uv": [6.375, 1.25, 7, 4.25], "texture": "#2"},
				"west": {"uv": [4.375, 1.75, 5.375, 4.75], "texture": "#2"},
				"up": {"uv": [10, 1, 9.375, 0], "texture": "#2"}
			}
		},
		{
			"from": [23, -16, 16.3],
			"to": [30, -1, 23.3],
			"rotation": {"angle": 0, "axis": "y", "origin": [20, -3, 20.3]},
			"faces": {
				"north": {"uv": [5.375, 7.5, 6.25, 9.375], "texture": "#2"},
				"east": {"uv": [7.625, 1.25, 8.5, 3.125], "texture": "#2"},
				"south": {"uv": [4, 7.75, 4.875, 9.625], "texture": "#2"},
				"up": {"uv": [2.125, 10.125, 1.25, 9.25], "texture": "#2"}
			}
		},
		{
			"from": [18, -16, 12.3],
			"to": [23, 8, 20.3],
			"rotation": {"angle": 0, "axis": "y", "origin": [20, -3, 20.3]},
			"faces": {
				"north": {"uv": [6.375, 4.25, 7, 7.25], "texture": "#2"},
				"east": {"uv": [4.375, 4.75, 5.375, 7.75], "texture": "#2"},
				"south": {"uv": [7, 1.25, 7.625, 4.25], "texture": "#2"},
				"west": {"uv": [5.375, 1.75, 6.375, 4.75], "texture": "#2"},
				"up": {"uv": [10, 5, 9.375, 4], "texture": "#2"}
			}
		},
		{
			"from": [12.75, -16, 18.9],
			"to": [23.75, 6, 26.9],
			"rotation": {"angle": -22.5, "axis": "y", "origin": [20, -3, 21.9]},
			"faces": {
				"north": {"uv": [3, 0, 4.375, 2.75], "texture": "#2"},
				"east": {"uv": [5.375, 4.75, 6.375, 7.5], "texture": "#2"},
				"south": {"uv": [3, 2.75, 4.375, 5.5], "texture": "#2"},
				"west": {"uv": [3, 5.5, 4, 8.25], "texture": "#2"},
				"up": {"uv": [9.375, 5.125, 8, 4.125], "texture": "#2"}
			}
		},
		{
			"from": [-14, -16, 16.3],
			"to": [-7, -1, 23.3],
			"rotation": {"angle": 0, "axis": "y", "origin": [-4, -3, 20.3]},
			"faces": {
				"north": {"uv": [6.25, 7.5, 5.375, 9.375], "texture": "#2"},
				"south": {"uv": [4.875, 7.75, 4, 9.625], "texture": "#2"},
				"west": {"uv": [8.5, 1.25, 7.625, 3.125], "texture": "#2"},
				"up": {"uv": [1.25, 10.125, 2.125, 9.25], "texture": "#2"}
			}
		},
		{
			"from": [-7.75, -16, 18.9],
			"to": [3.25, 6, 26.9],
			"rotation": {"angle": 22.5, "axis": "y", "origin": [-4, -3, 21.9]},
			"faces": {
				"north": {"uv": [4.375, 0, 3, 2.75], "texture": "#2"},
				"east": {"uv": [4, 5.5, 3, 8.25], "texture": "#2"},
				"south": {"uv": [4.375, 2.75, 3, 5.5], "texture": "#2"},
				"west": {"uv": [6.375, 4.75, 5.375, 7.5], "texture": "#2"},
				"up": {"uv": [8, 5.125, 9.375, 4.125], "texture": "#2"}
			}
		}
	]
}