{
	"credit": "Made with Blockbench",
	"texture_size": [64, 64],
	"textures": {
		"0": "block/blue_vase",
		"particle": "block/blue_vase"
	},
	"elements": [
		{
			"from": [4, 0, 4],
			"to": [12, 1, 12],
			"rotation": {"angle": 22.5, "axis": "y", "origin": [8, 6.41786, 8]},
			"faces": {
				"north": {"uv": [7, 1, 9, 1.25], "texture": "#0"},
				"east": {"uv": [7, 1.25, 9, 1.5], "texture": "#0"},
				"south": {"uv": [7, 1.5, 9, 1.75], "texture": "#0"},
				"west": {"uv": [7, 1.75, 9, 2], "texture": "#0"},
				"down": {"uv": [7, 0, 5, 2], "texture": "#0"}
			}
		},
		{
			"from": [3, 1, 3],
			"to": [13, 8, 13],
			"rotation": {"angle": 22.5, "axis": "y", "origin": [8, 6.41786, 8]},
			"faces": {
				"north": {"uv": [2.5, 0, 5, 1.75], "texture": "#0"},
				"east": {"uv": [2.5, 1.75, 5, 3.5], "texture": "#0"},
				"south": {"uv": [2.5, 3.5, 5, 5.25], "texture": "#0"},
				"west": {"uv": [0, 5, 2.5, 6.75], "texture": "#0"},
				"up": {"uv": [2.5, 2.5, 0, 0], "texture": "#0"},
				"down": {"uv": [2.5, 2.5, 0, 5], "texture": "#0"}
			}
		},
		{
			"from": [7, 3, 1],
			"to": [9, 7, 3],
			"rotation": {"angle": 22.5, "axis": "y", "origin": [8, 6.41786, 8]},
			"faces": {
				"north": {"uv": [7, 2, 7.5, 3], "texture": "#0"},
				"east": {"uv": [7, 3, 7.5, 4], "texture": "#0"},
				"west": {"uv": [7, 4, 7.5, 5], "texture": "#0"},
				"up": {"uv": [4.5, 5.75, 4, 5.25], "texture": "#0"},
				"down": {"uv": [5, 5.25, 4.5, 5.75], "texture": "#0"}
			}
		},
		{
			"from": [7, 3, 13],
			"to": [9, 7, 15],
			"rotation": {"angle": 22.5, "axis": "y", "origin": [8, 6.41786, 8]},
			"faces": {
				"east": {"uv": [7, 5, 7.5, 6], "texture": "#0"},
				"south": {"uv": [7, 6.75, 7.5, 7.75], "texture": "#0"},
				"west": {"uv": [4, 7.25, 4.5, 8.25], "texture": "#0"},
				"up": {"uv": [6.5, 7.75, 6, 7.25], "texture": "#0"},
				"down": {"uv": [7, 7.25, 6.5, 7.75], "texture": "#0"}
			}
		},
		{
			"from": [4, 8.9, 4],
			"to": [12, 11.9, 12],
			"rotation": {"angle": 22.5, "axis": "y", "origin": [8, 6.41786, 8]},
			"faces": {
				"north": {"uv": [4, 6, 6, 6.75], "texture": "#0"},
				"east": {"uv": [6, 6, 8, 6.75], "texture": "#0"},
				"south": {"uv": [0, 6.75, 2, 7.5], "texture": "#0"},
				"west": {"uv": [2, 6.75, 4, 7.5], "texture": "#0"},
				"up": {"uv": [7, 4, 5, 2], "texture": "#0"},
				"down": {"uv": [7, 4, 5, 6], "texture": "#0"}
			}
		},
		{
			"from": [5, 11.9, 5],
			"to": [11, 10.15, 11],
			"rotation": {"angle": 22.5, "axis": "y", "origin": [8, 6.41786, 8]},
			"faces": {
				"north": {"uv": [4, 6.75, 5.5, 7.25], "texture": "#0"},
				"east": {"uv": [5.5, 6.75, 7, 7.25], "texture": "#0"},
				"south": {"uv": [7, 0, 8.5, 0.5], "texture": "#0"},
				"west": {"uv": [7, 0.5, 8.5, 1], "texture": "#0"},
				"up": {"uv": [4, 6.75, 2.5, 5.25], "texture": "#0"}
			}
		},
		{
			"from": [5, 8, 5],
			"to": [11, 9, 11],
			"rotation": {"angle": 22.5, "axis": "y", "origin": [8, 6.41786, 8]},
			"faces": {
				"north": {"uv": [4.5, 7.25, 6, 7.5], "texture": "#0"},
				"east": {"uv": [0, 7.5, 1.5, 7.75], "texture": "#0"},
				"south": {"uv": [1.5, 7.5, 3, 7.75], "texture": "#0"},
				"west": {"uv": [7.5, 2, 9, 2.25], "texture": "#0"}
			}
		}
	]
}