{
	"credit": "Made with Blockbench",
	"texture_size": [64, 64],
	"textures": {
		"0": "block/bones",
		"particle": "block/bones"
	},
	"elements": [
		{
			"from": [0.75, -0.9, -1.5],
			"to": [2.75, 6.1, 1.5],
			"rotation": {"angle": 22.5, "axis": "z", "origin": [1.75, 2.6, -0.5]},
			"faces": {
				"north": {"uv": [0, 6.5, 0.5, 8.25], "texture": "#0"},
				"east": {"uv": [4, 1.5, 4.75, 3.25], "texture": "#0"},
				"south": {"uv": [0.5, 6.5, 1, 8.25], "texture": "#0"},
				"west": {"uv": [4, 3.25, 4.75, 5], "texture": "#0"},
				"up": {"uv": [8, 8.5, 7.5, 7.75], "texture": "#0"},
				"down": {"uv": [5.25, 8, 4.75, 8.75], "texture": "#0"}
			}
		},
		{
			"from": [1.4, 4.84955, -1],
			"to": [2.4, 10.84955, 1],
			"rotation": {"angle": -22.5, "axis": "z", "origin": [2.4, 9.34955, 0]},
			"faces": {
				"north": {"uv": [2.75, 4.75, 3, 6.25], "texture": "#0"},
				"east": {"uv": [6.5, 4, 7, 5.5], "texture": "#0"},
				"south": {"uv": [5, 0, 5.25, 1.5], "texture": "#0"},
				"west": {"uv": [4.75, 6.5, 5.25, 8], "texture": "#0"},
				"up": {"uv": [4, 5, 3.75, 4.5], "texture": "#0"},
				"down": {"uv": [3.75, 6.25, 3.5, 6.75], "texture": "#0"}
			}
		},
		{
			"from": [0, 6.14955, 8],
			"to": [1, 12.14955, 10],
			"rotation": {"angle": -22.5, "axis": "z", "origin": [1, 10.64955, 9]},
			"faces": {
				"north": {"uv": [6.25, 8, 6.5, 9.5], "texture": "#0"},
				"east": {"uv": [6.5, 5.5, 7, 7], "texture": "#0"},
				"south": {"uv": [0, 8.25, 0.25, 9.75], "texture": "#0"},
				"west": {"uv": [5.25, 6.75, 5.75, 8.25], "texture": "#0"},
				"up": {"uv": [2.25, 7, 2, 6.5], "texture": "#0"},
				"down": {"uv": [3.75, 6.75, 3.5, 7.25], "texture": "#0"}
			}
		},
		{
			"from": [-0.25, -1.4, 7.5],
			"to": [1.75, 7.6, 10.5],
			"rotation": {"angle": 22.5, "axis": "z", "origin": [0.75, 3.1, 8.5]},
			"faces": {
				"north": {"uv": [4.25, 5, 4.75, 7.25], "texture": "#0"},
				"east": {"uv": [0, 2.5, 0.75, 4.75], "texture": "#0"},
				"south": {"uv": [5.25, 0, 5.75, 2.25], "texture": "#0"},
				"west": {"uv": [0.75, 2.5, 1.5, 4.75], "texture": "#0"},
				"up": {"uv": [6.25, 8.75, 5.75, 8], "texture": "#0"},
				"down": {"uv": [8.5, 7.75, 8, 8.5], "texture": "#0"}
			}
		},
		{
			"from": [0.2, 7.64955, 17],
			"to": [1.2, 13.64955, 19],
			"rotation": {"angle": -22.5, "axis": "z", "origin": [1.2, 12.14955, 18]},
			"faces": {
				"north": {"uv": [0.75, 8.25, 1, 9.75], "texture": "#0"},
				"east": {"uv": [7, 4, 7.5, 5.5], "texture": "#0"},
				"south": {"uv": [1, 8.25, 1.25, 9.75], "texture": "#0"},
				"west": {"uv": [7, 5.5, 7.5, 7], "texture": "#0"},
				"up": {"uv": [8, 3, 7.75, 2.5], "texture": "#0"},
				"down": {"uv": [8.25, 2.5, 8, 3], "texture": "#0"}
			}
		},
		{
			"from": [0.25, -0.9, 16.5],
			"to": [2.25, 9.1, 19.5],
			"rotation": {"angle": 22.5, "axis": "z", "origin": [1.25, 3.6, 17.5]},
			"faces": {
				"north": {"uv": [4.75, 1.5, 5.25, 4], "texture": "#0"},
				"east": {"uv": [0, 0, 0.75, 2.5], "texture": "#0"},
				"south": {"uv": [2.25, 4.75, 2.75, 7.25], "texture": "#0"},
				"west": {"uv": [0.75, 0, 1.5, 2.5], "texture": "#0"},
				"up": {"uv": [0.75, 9, 0.25, 8.25], "texture": "#0"},
				"down": {"uv": [8.75, 0.5, 8.25, 1.25], "texture": "#0"}
			}
		},
		{
			"from": [13.75, -0.9, 16.5],
			"to": [15.75, 9.1, 19.5],
			"rotation": {"angle": -22.5, "axis": "z", "origin": [14.75, 3.6, 17.5]},
			"faces": {
				"north": {"uv": [4.75, 4, 5.25, 6.5], "texture": "#0"},
				"east": {"uv": [1.5, 0, 2.25, 2.5], "texture": "#0"},
				"south": {"uv": [3.75, 5, 4.25, 7.5], "texture": "#0"},
				"west": {"uv": [2.25, 0, 3, 2.5], "texture": "#0"},
				"up": {"uv": [9, 2, 8.5, 1.25], "texture": "#0"},
				"down": {"uv": [9, 2, 8.5, 2.75], "texture": "#0"}
			}
		},
		{
			"from": [14.8, 7.64955, 17],
			"to": [15.8, 13.64955, 19],
			"rotation": {"angle": 22.5, "axis": "z", "origin": [14.8, 12.14955, 18]},
			"faces": {
				"north": {"uv": [4, 8.25, 4.25, 9.75], "texture": "#0"},
				"east": {"uv": [2, 7.25, 2.5, 8.75], "texture": "#0"},
				"south": {"uv": [5.25, 8.25, 5.5, 9.75], "texture": "#0"},
				"west": {"uv": [4.25, 7.25, 4.75, 8.75], "texture": "#0"},
				"up": {"uv": [4.75, 9.25, 4.5, 8.75], "texture": "#0"},
				"down": {"uv": [5, 8.75, 4.75, 9.25], "texture": "#0"}
			}
		},
		{
			"from": [13.25, -0.9, -1.5],
			"to": [15.25, 6.1, 1.5],
			"rotation": {"angle": -22.5, "axis": "z", "origin": [14.25, 2.6, -0.5]},
			"faces": {
				"north": {"uv": [1, 6.5, 1.5, 8.25], "texture": "#0"},
				"east": {"uv": [3, 4.5, 3.75, 6.25], "texture": "#0"},
				"south": {"uv": [1.5, 6.5, 2, 8.25], "texture": "#0"},
				"west": {"uv": [0, 4.75, 0.75, 6.5], "texture": "#0"},
				"up": {"uv": [8.75, 3.5, 8.25, 2.75], "texture": "#0"},
				"down": {"uv": [4, 8.25, 3.5, 9], "texture": "#0"}
			}
		},
		{
			"from": [13.6, 4.84955, -1],
			"to": [14.6, 10.84955, 1],
			"rotation": {"angle": 22.5, "axis": "z", "origin": [13.6, 9.34955, 0]},
			"faces": {
				"north": {"uv": [3, 8.25, 3.25, 9.75], "texture": "#0"},
				"east": {"uv": [7.25, 0, 7.75, 1.5], "texture": "#0"},
				"south": {"uv": [3.25, 8.25, 3.5, 9.75], "texture": "#0"},
				"west": {"uv": [7.25, 1.5, 7.75, 3], "texture": "#0"},
				"up": {"uv": [2.5, 9.25, 2.25, 8.75], "texture": "#0"},
				"down": {"uv": [4.5, 8.75, 4.25, 9.25], "texture": "#0"}
			}
		},
		{
			"from": [14.25, -1.4, 7.5],
			"to": [16.25, 7.6, 10.5],
			"rotation": {"angle": -22.5, "axis": "z", "origin": [15.25, 3.1, 8.5]},
			"faces": {
				"north": {"uv": [5.25, 2.25, 5.75, 4.5], "texture": "#0"},
				"east": {"uv": [1.5, 2.5, 2.25, 4.75], "texture": "#0"},
				"south": {"uv": [5.25, 4.5, 5.75, 6.75], "texture": "#0"},
				"west": {"uv": [2.25, 2.5, 3, 4.75], "texture": "#0"},
				"up": {"uv": [2, 9, 1.5, 8.25], "texture": "#0"},
				"down": {"uv": [3, 8.25, 2.5, 9], "texture": "#0"}
			}
		},
		{
			"from": [15, 6.14955, 8],
			"to": [16, 12.14955, 10],
			"rotation": {"angle": 22.5, "axis": "z", "origin": [15, 10.64955, 9]},
			"faces": {
				"north": {"uv": [1.25, 8.25, 1.5, 9.75], "texture": "#0"},
				"east": {"uv": [6.5, 7, 7, 8.5], "texture": "#0"},
				"south": {"uv": [8.25, 1.25, 8.5, 2.75], "texture": "#0"},
				"west": {"uv": [7, 7, 7.5, 8.5], "texture": "#0"},
				"up": {"uv": [5.75, 8.75, 5.5, 8.25], "texture": "#0"},
				"down": {"uv": [2.25, 8.75, 2, 9.25], "texture": "#0"}
			}
		},
		{
			"from": [6, 0, 0],
			"to": [10, 3, 6],
			"rotation": {"angle": 0, "axis": "y", "origin": [7, 0, 0]},
			"faces": {
				"north": {"uv": [2.5, 7.5, 3.5, 8.25], "texture": "#0"},
				"east": {"uv": [5.75, 0, 7.25, 0.75], "texture": "#0"},
				"south": {"uv": [7.5, 4, 8.5, 4.75], "texture": "#0"},
				"west": {"uv": [5.75, 0.75, 7.25, 1.5], "texture": "#0"},
				"up": {"uv": [4, 1.5, 3, 0], "texture": "#0"},
				"down": {"uv": [4, 1.5, 3, 3], "texture": "#0"}
			}
		},
		{
			"from": [6, 0, 11],
			"to": [10, 3, 17],
			"rotation": {"angle": 0, "axis": "y", "origin": [7, 0, 11]},
			"faces": {
				"north": {"uv": [7.5, 4.75, 8.5, 5.5], "texture": "#0"},
				"east": {"uv": [5.75, 1.5, 7.25, 2.25], "texture": "#0"},
				"south": {"uv": [7.5, 5.5, 8.5, 6.25], "texture": "#0"},
				"west": {"uv": [5.75, 2.25, 7.25, 3], "texture": "#0"},
				"up": {"uv": [4, 4.5, 3, 3], "texture": "#0"},
				"down": {"uv": [5, 0, 4, 1.5], "texture": "#0"}
			}
		},
		{
			"from": [6.48, -0.02, 16.98],
			"to": [9.52, 2.02, 20.02],
			"rotation": {"angle": 0, "axis": "y", "origin": [6.5, 0, 6]},
			"faces": {
				"north": {"uv": [8.25, 3.5, 9, 4], "texture": "#0"},
				"east": {"uv": [8.5, 4, 9.25, 4.5], "texture": "#0"},
				"south": {"uv": [8.5, 4.5, 9.25, 5], "texture": "#0"},
				"west": {"uv": [8.5, 5, 9.25, 5.5], "texture": "#0"},
				"up": {"uv": [6.5, 8, 5.75, 7.25], "texture": "#0"},
				"down": {"uv": [4.25, 7.5, 3.5, 8.25], "texture": "#0"}
			}
		},
		{
			"from": [5.5, 0, 22],
			"to": [8.5, 2, 28],
			"rotation": {"angle": -22.5, "axis": "y", "origin": [8, 1, 23.5]},
			"faces": {
				"north": {"uv": [8.75, 0.5, 9.5, 1], "texture": "#0"},
				"east": {"uv": [7.5, 6.25, 9, 6.75], "texture": "#0"},
				"south": {"uv": [8.75, 2.75, 9.5, 3.25], "texture": "#0"},
				"west": {"uv": [7.5, 6.75, 9, 7.25], "texture": "#0"},
				"up": {"uv": [6.5, 4.5, 5.75, 3], "texture": "#0"},
				"down": {"uv": [6.5, 4.5, 5.75, 6], "texture": "#0"}
			}
		},
		{
			"from": [6.48, -0.02, 5.98],
			"to": [9.52, 2.02, 11.02],
			"rotation": {"angle": 0, "axis": "y", "origin": [6.5, 0, 6]},
			"faces": {
				"north": {"uv": [8.5, 7.75, 9.25, 8.25], "texture": "#0"},
				"east": {"uv": [7.5, 7.25, 8.75, 7.75], "texture": "#0"},
				"south": {"uv": [8.25, 8.5, 9, 9], "texture": "#0"},
				"west": {"uv": [7.75, 0, 9, 0.5], "texture": "#0"},
				"up": {"uv": [6.5, 7.25, 5.75, 6], "texture": "#0"},
				"down": {"uv": [3.5, 6.25, 2.75, 7.5], "texture": "#0"}
			}
		},
		{
			"from": [7.18, -0.02, -6.22],
			"to": [10.22, 2.02, 0.82],
			"rotation": {"angle": -22.5, "axis": "y", "origin": [8.7, 1, -1.7]},
			"faces": {
				"north": {"uv": [8.5, 5.5, 9.25, 6], "texture": "#0"},
				"east": {"uv": [6.5, 3, 8.25, 3.5], "texture": "#0"},
				"south": {"uv": [6.5, 8.5, 7.25, 9], "texture": "#0"},
				"west": {"uv": [6.5, 3.5, 8.25, 4], "texture": "#0"},
				"up": {"uv": [1.5, 6.5, 0.75, 4.75], "texture": "#0"},
				"down": {"uv": [2.25, 4.75, 1.5, 6.5], "texture": "#0"}
			}
		},
		{
			"from": [11.55328, 0, -7.9706],
			"to": [13.55328, 1, -3.9706],
			"rotation": {"angle": -45, "axis": "y", "origin": [12.55328, 0.5, -7.9706]},
			"faces": {
				"north": {"uv": [5.5, 8.75, 6, 9], "texture": "#0"},
				"east": {"uv": [8.5, 6, 9.5, 6.25], "texture": "#0"},
				"south": {"uv": [8.75, 7.25, 9.25, 7.5], "texture": "#0"},
				"west": {"uv": [8.5, 8.25, 9.5, 8.5], "texture": "#0"},
				"up": {"uv": [8.25, 1.5, 7.75, 0.5], "texture": "#0"},
				"down": {"uv": [8.25, 1.5, 7.75, 2.5], "texture": "#0"}
			}
		},
		{
			"from": [12.98171, 0, -11.79903],
			"to": [14.98171, 1, -8.79903],
			"rotation": {"angle": -22.5, "axis": "y", "origin": [15.38171, 0.5, -10.79903]},
			"faces": {
				"north": {"uv": [8.75, 7.5, 9.25, 7.75], "texture": "#0"},
				"east": {"uv": [8.75, 1, 9.5, 1.25], "texture": "#0"},
				"south": {"uv": [9, 0, 9.5, 0.25], "texture": "#0"},
				"west": {"uv": [8.75, 3.25, 9.5, 3.5], "texture": "#0"},
				"up": {"uv": [7.75, 9.25, 7.25, 8.5], "texture": "#0"},
				"down": {"uv": [8.25, 8.5, 7.75, 9.25], "texture": "#0"}
			}
		}
	]
}