{
	"credit": "Made with Blockbench",
	"parent": "block/block",
	"texture_size": [64, 64],
	"textures": {
		"1": "block/crate",
		"particle": "block/oak_log"
	},
	"elements": [
		{
			"from": [0, 0, 0],
			"to": [16, 3, 3],
			"rotation": {"angle": 0, "axis": "y", "origin": [8, 8, 8]},
			"faces": {
				"north": {"uv": [0, 7, 4, 7.75], "texture": "#1", "cullface": "north"},
				"east": {"uv": [1.25, 12, 2, 12.75], "texture": "#1", "cullface": "east"},
				"south": {"uv": [7, 0, 11, 0.75], "texture": "#1"},
				"west": {"uv": [2, 12, 2.75, 12.75], "texture": "#1", "cullface": "west"},
				"up": {"uv": [11, 1.5, 7, 0.75], "texture": "#1"},
				"down": {"uv": [11, 1.5, 7, 2.25], "texture": "#1", "cullface": "down"}
			}
		},
		{
			"from": [0, 0, 13],
			"to": [16, 3, 16],
			"rotation": {"angle": 0, "axis": "y", "origin": [8, 8, 8]},
			"faces": {
				"north": {"uv": [7, 2.25, 11, 3], "texture": "#1"},
				"east": {"uv": [12, 6.5, 12.75, 7.25], "texture": "#1", "cullface": "east"},
				"south": {"uv": [7, 3, 11, 3.75], "texture": "#1", "cullface": "south"},
				"west": {"uv": [12, 7.25, 12.75, 8], "texture": "#1", "cullface": "west"},
				"up": {"uv": [11, 4.5, 7, 3.75], "texture": "#1"},
				"down": {"uv": [8, 7, 4, 7.75], "texture": "#1", "cullface": "down"}
			}
		},
		{
			"from": [13, 0, 3],
			"to": [16, 3, 13],
			"rotation": {"angle": 0, "axis": "y", "origin": [8, 8, 8]},
			"faces": {
				"east": {"uv": [3, 8.5, 5.5, 9.25], "texture": "#1", "cullface": "east"},
				"west": {"uv": [5.5, 8.5, 8, 9.25], "texture": "#1"},
				"up": {"uv": [8.75, 11.5, 8, 9], "texture": "#1"},
				"down": {"uv": [9.5, 9, 8.75, 11.5], "texture": "#1", "cullface": "down"}
			}
		},
		{
			"from": [13, 3, 0],
			"to": [16, 13, 3],
			"rotation": {"angle": 0, "axis": "y", "origin": [8, 8, 8]},
			"faces": {
				"north": {"uv": [3, 9.25, 3.75, 11.75], "texture": "#1", "cullface": "north"},
				"east": {"uv": [3.75, 9.25, 4.5, 11.75], "texture": "#1", "cullface": "east"},
				"south": {"uv": [4.5, 9.25, 5.25, 11.75], "texture": "#1"},
				"west": {"uv": [5.25, 9.25, 6, 11.75], "texture": "#1"}
			}
		},
		{
			"from": [13, 3, 13],
			"to": [16, 13, 16],
			"rotation": {"angle": 0, "axis": "y", "origin": [8, 8, 8]},
			"faces": {
				"north": {"uv": [6, 9.25, 6.75, 11.75], "texture": "#1"},
				"east": {"uv": [6.75, 9.25, 7.5, 11.75], "texture": "#1", "cullface": "east"},
				"south": {"uv": [9.5, 9, 10.25, 11.5], "texture": "#1", "cullface": "south"},
				"west": {"uv": [10.25, 9, 11, 11.5], "texture": "#1"}
			}
		},
		{
			"from": [0, 3, 13],
			"to": [3, 13, 16],
			"rotation": {"angle": 0, "axis": "y", "origin": [8, 8, 8]},
			"faces": {
				"north": {"uv": [11, 0, 11.75, 2.5], "texture": "#1"},
				"east": {"uv": [11, 2.5, 11.75, 5], "texture": "#1"},
				"south": {"uv": [11, 9, 11.75, 11.5], "texture": "#1", "cullface": "south"},
				"west": {"uv": [7.5, 11.5, 8.25, 14], "texture": "#1", "cullface": "west"}
			}
		},
		{
			"from": [0, 3, 0],
			"to": [3, 13, 3],
			"rotation": {"angle": 0, "axis": "y", "origin": [8, 8, 8]},
			"faces": {
				"north": {"uv": [8.25, 11.5, 9, 14], "texture": "#1", "cullface": "north"},
				"east": {"uv": [9, 11.5, 9.75, 14], "texture": "#1"},
				"south": {"uv": [9.75, 11.5, 10.5, 14], "texture": "#1"},
				"west": {"uv": [10.5, 11.5, 11.25, 14], "texture": "#1", "cullface": "west"}
			}
		},
		{
			"from": [1, 1, 1],
			"to": [15, 15, 15],
			"rotation": {"angle": 0, "axis": "y", "origin": [8, 8, 8]},
			"faces": {
				"north": {"uv": [0, 0, 3.5, 3.5], "texture": "#1"},
				"east": {"uv": [0, 3.5, 3.5, 7], "texture": "#1"},
				"south": {"uv": [0, 0, 3.5, 3.5], "texture": "#1"},
				"west": {"uv": [0, 3.5, 3.5, 7], "texture": "#1"},
				"up": {"uv": [7, 3.5, 3.5, 0], "texture": "#1"},
				"down": {"uv": [7, 3.5, 3.5, 7], "texture": "#1"}
			}
		},
		{
			"from": [0, 0, 3],
			"to": [3, 3, 13],
			"rotation": {"angle": 0, "axis": "y", "origin": [8, 8, 8]},
			"faces": {
				"east": {"uv": [11, 5, 13.5, 5.75], "texture": "#1"},
				"west": {"uv": [11, 5.75, 13.5, 6.5], "texture": "#1", "cullface": "west"},
				"up": {"uv": [12, 14, 11.25, 11.5], "texture": "#1"},
				"down": {"uv": [12.5, 0, 11.75, 2.5], "texture": "#1", "cullface": "down"}
			}
		},
		{
			"from": [0.5, 1, 6.5],
			"to": [1.5, 15, 9.5],
			"rotation": {"angle": 45, "axis": "x", "origin": [8, 8, 8]},
			"faces": {
				"north": {"uv": [7, 11.75, 7.25, 15.25], "texture": "#1"},
				"east": {"uv": [0, 8.5, 0.75, 12], "texture": "#1"},
				"south": {"uv": [7.25, 11.75, 7.5, 15.25], "texture": "#1"},
				"west": {"uv": [0.75, 8.5, 1.5, 12], "texture": "#1"},
				"up": {"uv": [7.75, 10, 7.5, 9.25], "texture": "#1"},
				"down": {"uv": [8, 9.25, 7.75, 10], "texture": "#1"}
			}
		},
		{
			"from": [14.5, 1, 6.5],
			"to": [15.5, 15, 9.5],
			"rotation": {"angle": -45, "axis": "x", "origin": [8, 8, 8]},
			"faces": {
				"north": {"uv": [0.75, 12, 1, 15.5], "texture": "#1"},
				"east": {"uv": [1.5, 8.5, 2.25, 12], "texture": "#1"},
				"south": {"uv": [1, 12, 1.25, 15.5], "texture": "#1"},
				"west": {"uv": [2.25, 8.5, 3, 12], "texture": "#1"},
				"up": {"uv": [7.75, 10.75, 7.5, 10], "texture": "#1"},
				"down": {"uv": [8, 10, 7.75, 10.75], "texture": "#1"}
			}
		},
		{
			"from": [0, 13, 0],
			"to": [16, 16, 3],
			"rotation": {"angle": 0, "axis": "y", "origin": [8, 8, 8]},
			"faces": {
				"north": {"uv": [7, 4.5, 11, 5.25], "texture": "#1", "cullface": "north"},
				"east": {"uv": [12, 8, 12.75, 8.75], "texture": "#1", "cullface": "east"},
				"south": {"uv": [7, 5.25, 11, 6], "texture": "#1"},
				"west": {"uv": [12, 11.5, 12.75, 12.25], "texture": "#1", "cullface": "west"},
				"up": {"uv": [11, 6.75, 7, 6], "texture": "#1", "cullface": "up"},
				"down": {"uv": [4, 7.75, 0, 8.5], "texture": "#1"}
			}
		},
		{
			"from": [13, 13, 3],
			"to": [16, 16, 13],
			"rotation": {"angle": 0, "axis": "y", "origin": [8, 8, 8]},
			"faces": {
				"east": {"uv": [11.75, 2.5, 14.25, 3.25], "texture": "#1", "cullface": "east"},
				"west": {"uv": [3, 11.75, 5.5, 12.5], "texture": "#1"},
				"up": {"uv": [6.25, 14.25, 5.5, 11.75], "texture": "#1", "cullface": "up"},
				"down": {"uv": [7, 11.75, 6.25, 14.25], "texture": "#1"}
			}
		},
		{
			"from": [0, 13, 13],
			"to": [16, 16, 16],
			"rotation": {"angle": 0, "axis": "y", "origin": [8, 8, 8]},
			"faces": {
				"north": {"uv": [4, 7.75, 8, 8.5], "texture": "#1"},
				"east": {"uv": [12, 12.25, 12.75, 13], "texture": "#1", "cullface": "east"},
				"south": {"uv": [8, 6.75, 12, 7.5], "texture": "#1", "cullface": "south"},
				"west": {"uv": [12.5, 0, 13.25, 0.75], "texture": "#1", "cullface": "west"},
				"up": {"uv": [12, 8.25, 8, 7.5], "texture": "#1", "cullface": "up"},
				"down": {"uv": [12, 8.25, 8, 9], "texture": "#1"}
			}
		},
		{
			"from": [0, 13, 3],
			"to": [3, 16, 13],
			"rotation": {"angle": 0, "axis": "y", "origin": [8, 8, 8]},
			"faces": {
				"east": {"uv": [11.75, 3.25, 14.25, 4], "texture": "#1"},
				"west": {"uv": [11.75, 4, 14.25, 4.75], "texture": "#1", "cullface": "west"},
				"up": {"uv": [12.5, 11.5, 11.75, 9], "texture": "#1", "cullface": "up"},
				"down": {"uv": [0.75, 12, 0, 14.5], "texture": "#1"}
			}
		}
	]
}