{
	"credit": "Made with Blockbench",
	"texture_size": [64, 64],
	"ambientocclusion": false,
	"textures": {
		"0": "block/dominexis",
		"1": "block/urgle",
		"2": "block/wacky",
		"particle": "block/dominexis"
	},
	"elements": [
		{
			"from": [8, -1, -1.9],
			"to": [12, 11, 2.1],
			"rotation": {"angle": 0, "axis": "x", "origin": [8, 11, 0]},
			"faces": {
				"north": {"uv": [1, 5, 2, 8], "texture": "#0"},
				"east": {"uv": [0, 5, 1, 8], "texture": "#0"},
				"south": {"uv": [3, 5, 4, 8], "texture": "#0"},
				"west": {"uv": [2, 5, 3, 8], "texture": "#0"},
				"up": {"uv": [1, 5, 2, 4], "texture": "#0"},
				"down": {"uv": [2, 4, 3, 5], "texture": "#0"}
			}
		},
		{
			"from": [4, -1, -1.9],
			"to": [8, 11, 2.1],
			"rotation": {"angle": 0, "axis": "x", "origin": [8, 11, 0]},
			"faces": {
				"north": {"uv": [5, 13, 6, 16], "texture": "#0"},
				"east": {"uv": [4, 13, 5, 16], "texture": "#0"},
				"south": {"uv": [7, 13, 8, 16], "texture": "#0"},
				"west": {"uv": [6, 13, 7, 16], "texture": "#0"},
				"up": {"uv": [5, 13, 6, 12], "texture": "#0"},
				"down": {"uv": [6, 12, 7, 13], "texture": "#0"}
			}
		},
		{
			"from": [4, 11, -2],
			"to": [12, 23, 2],
			"faces": {
				"north": {"uv": [5, 5, 7, 8], "texture": "#0"},
				"east": {"uv": [4, 5, 5, 8], "texture": "#0"},
				"south": {"uv": [8, 5, 10, 8], "texture": "#0"},
				"west": {"uv": [7, 5, 8, 8], "texture": "#0"},
				"up": {"uv": [5, 5, 7, 4], "texture": "#0"},
				"down": {"uv": [7, 4, 9, 5], "texture": "#0"}
			}
		},
		{
			"from": [0, 19, -1.9],
			"to": [4, 31, 2.1],
			"rotation": {"angle": 22.5, "axis": "z", "origin": [4, 21, 0]},
			"faces": {
				"north": {"uv": [11, 13, 12, 16], "rotation": 180, "texture": "#0"},
				"east": {"uv": [8, 13, 9, 16], "rotation": 180, "texture": "#0"},
				"south": {"uv": [9, 13, 10, 16], "rotation": 180, "texture": "#0"},
				"west": {"uv": [10, 13, 11, 16], "rotation": 180, "texture": "#0"},
				"up": {"uv": [10, 12, 11, 13], "texture": "#0"},
				"down": {"uv": [9, 13, 10, 12], "texture": "#0"}
			}
		},
		{
			"from": [12, 19, -1.9],
			"to": [16, 31, 2.1],
			"rotation": {"angle": -22.5, "axis": "z", "origin": [12, 21, 0]},
			"faces": {
				"north": {"uv": [13, 5, 14, 8], "rotation": 180, "texture": "#0"},
				"east": {"uv": [10, 5, 11, 8], "rotation": 180, "texture": "#0"},
				"south": {"uv": [11, 5, 12, 8], "rotation": 180, "texture": "#0"},
				"west": {"uv": [12, 5, 13, 8], "rotation": 180, "texture": "#0"},
				"up": {"uv": [12, 4, 13, 5], "texture": "#0"},
				"down": {"uv": [11, 5, 12, 4], "texture": "#0"}
			}
		},
		{
			"from": [4, 23, -4],
			"to": [12, 31, 4],
			"faces": {
				"north": {"uv": [2, 2, 4, 4], "texture": "#0"},
				"east": {"uv": [0, 2, 2, 4], "texture": "#0"},
				"south": {"uv": [6, 2, 8, 4], "texture": "#0"},
				"west": {"uv": [4, 2, 6, 4], "texture": "#0"},
				"up": {"uv": [2, 2, 4, 0], "texture": "#0"},
				"down": {"uv": [4, 0, 6, 2], "texture": "#0"}
			}
		},
		{
			"from": [7.7, -1.3, -2.2],
			"to": [12.3, 11.3, 2.4],
			"rotation": {"angle": 0, "axis": "x", "origin": [8, 11, 0]},
			"faces": {
				"north": {"uv": [1, 9, 2, 12], "texture": "#0"},
				"east": {"uv": [0, 9, 1, 12], "texture": "#0"},
				"south": {"uv": [3, 9, 4, 12], "texture": "#0"},
				"west": {"uv": [2, 9, 3, 12], "texture": "#0"},
				"up": {"uv": [1, 9, 2, 8], "texture": "#0"},
				"down": {"uv": [2, 8, 3, 9], "texture": "#0"}
			}
		},
		{
			"from": [3.7, -1.3, -2.2],
			"to": [8.3, 11.3, 2.4],
			"rotation": {"angle": 0, "axis": "x", "origin": [8, 11, 0]},
			"faces": {
				"north": {"uv": [1, 13, 2, 16], "texture": "#0"},
				"east": {"uv": [0, 13, 1, 16], "texture": "#0"},
				"south": {"uv": [3, 13, 4, 16], "texture": "#0"},
				"west": {"uv": [2, 13, 3, 16], "texture": "#0"},
				"up": {"uv": [1, 13, 2, 12], "texture": "#0"},
				"down": {"uv": [2, 12, 3, 13], "texture": "#0"}
			}
		},
		{
			"from": [3.7, 10.7, -2.3],
			"to": [12.3, 23.3, 2.3],
			"faces": {
				"north": {"uv": [5, 9, 7, 12], "texture": "#0"},
				"east": {"uv": [4, 9, 5, 12], "texture": "#0"},
				"south": {"uv": [8, 9, 10, 12], "texture": "#0"},
				"west": {"uv": [7, 9, 8, 12], "texture": "#0"},
				"up": {"uv": [5, 9, 7, 8], "texture": "#0"},
				"down": {"uv": [7, 8, 9, 9], "texture": "#0"}
			}
		},
		{
			"from": [-0.3, 18.7, -2.2],
			"to": [4.3, 31.3, 2.4],
			"rotation": {"angle": 22.5, "axis": "z", "origin": [4, 21, 0]},
			"faces": {
				"north": {"uv": [15, 13, 16, 16], "rotation": 180, "texture": "#0"},
				"east": {"uv": [12, 13, 13, 16], "rotation": 180, "texture": "#0"},
				"south": {"uv": [13, 13, 14, 16], "rotation": 180, "texture": "#0"},
				"west": {"uv": [14, 13, 15, 16], "rotation": 180, "texture": "#0"},
				"up": {"uv": [14, 12, 15, 13], "texture": "#0"},
				"down": {"uv": [13, 13, 14, 12], "texture": "#0"}
			}
		},
		{
			"from": [11.7, 18.7, -2.2],
			"to": [16.3, 31.3, 2.4],
			"rotation": {"angle": -22.5, "axis": "z", "origin": [12, 21, 0]},
			"faces": {
				"north": {"uv": [13, 9, 14, 12], "rotation": 180, "texture": "#0"},
				"east": {"uv": [10, 9, 11, 12], "rotation": 180, "texture": "#0"},
				"south": {"uv": [11, 9, 12, 12], "rotation": 180, "texture": "#0"},
				"west": {"uv": [12, 9, 13, 12], "rotation": 180, "texture": "#0"},
				"up": {"uv": [12, 8, 13, 9], "texture": "#0"},
				"down": {"uv": [11, 9, 12, 8], "texture": "#0"}
			}
		},
		{
			"from": [3.7, 22.7, -4.3],
			"to": [12.3, 31.3, 4.3],
			"faces": {
				"north": {"uv": [10, 2, 12, 4], "texture": "#0"},
				"east": {"uv": [8, 2, 10, 4], "texture": "#0"},
				"south": {"uv": [14, 2, 16, 4], "texture": "#0"},
				"west": {"uv": [12, 2, 14, 4], "texture": "#0"},
				"up": {"uv": [10, 2, 12, 0], "texture": "#0"},
				"down": {"uv": [12, 0, 14, 2], "texture": "#0"}
			}
		},
		{
			"from": [-7, -1, 4],
			"to": [-3, 11, 8],
			"rotation": {"angle": 22.5, "axis": "x", "origin": [-7, 11, 6]},
			"faces": {
				"north": {"uv": [1, 5, 2, 8], "texture": "#2"},
				"east": {"uv": [0, 5, 1, 8], "texture": "#2"},
				"south": {"uv": [3, 5, 4, 8], "texture": "#2"},
				"west": {"uv": [2, 5, 3, 8], "texture": "#2"},
				"up": {"uv": [1, 5, 2, 4], "texture": "#2"},
				"down": {"uv": [2, 4, 3, 5], "texture": "#2"}
			}
		},
		{
			"from": [-11, -1, 4],
			"to": [-7, 11, 8],
			"rotation": {"angle": -22.5, "axis": "x", "origin": [-7, 11, 7]},
			"faces": {
				"north": {"uv": [5, 13, 6, 16], "texture": "#2"},
				"east": {"uv": [4, 13, 5, 16], "texture": "#2"},
				"south": {"uv": [7, 13, 8, 16], "texture": "#2"},
				"west": {"uv": [6, 13, 7, 16], "texture": "#2"},
				"up": {"uv": [5, 13, 6, 12], "texture": "#2"},
				"down": {"uv": [6, 12, 7, 13], "texture": "#2"}
			}
		},
		{
			"from": [-11, 11, 4],
			"to": [-3, 23, 8],
			"faces": {
				"north": {"uv": [5, 5, 7, 8], "texture": "#2"},
				"east": {"uv": [4, 5, 5, 8], "texture": "#2"},
				"south": {"uv": [8, 5, 10, 8], "texture": "#2"},
				"west": {"uv": [7, 5, 8, 8], "texture": "#2"},
				"up": {"uv": [5, 5, 7, 4], "texture": "#2"},
				"down": {"uv": [7, 4, 9, 5], "texture": "#2"}
			}
		},
		{
			"from": [-14, 11, 4],
			"to": [-11, 23, 8],
			"rotation": {"angle": 22.5, "axis": "x", "origin": [-11, 21, 6]},
			"faces": {
				"north": {"uv": [9, 13, 9.75, 16], "texture": "#2"},
				"east": {"uv": [8, 13, 9, 16], "texture": "#2"},
				"south": {"uv": [10.75, 13, 11.5, 16], "texture": "#2"},
				"west": {"uv": [9.75, 13, 10.75, 16], "texture": "#2"},
				"up": {"uv": [9, 13, 9.75, 12], "texture": "#2"},
				"down": {"uv": [9.75, 12, 10.5, 13], "texture": "#2"}
			}
		},
		{
			"from": [-3, 11, 4],
			"to": [0, 23, 8],
			"rotation": {"angle": -22.5, "axis": "x", "origin": [-3, 21, 6]},
			"faces": {
				"north": {"uv": [11, 5, 11.75, 8], "texture": "#2"},
				"east": {"uv": [10, 5, 11, 8], "texture": "#2"},
				"south": {"uv": [12.75, 5, 13.5, 8], "texture": "#2"},
				"west": {"uv": [11.75, 5, 12.75, 8], "texture": "#2"},
				"up": {"uv": [11, 5, 11.75, 4], "texture": "#2"},
				"down": {"uv": [11.75, 4, 12.5, 5], "texture": "#2"}
			}
		},
		{
			"from": [-11, 23, 2],
			"to": [-3, 31, 10],
			"rotation": {"angle": 22.5, "axis": "y", "origin": [-7, 23, 6]},
			"faces": {
				"north": {"uv": [2, 2, 4, 4], "texture": "#2"},
				"east": {"uv": [0, 2, 2, 4], "texture": "#2"},
				"south": {"uv": [6, 2, 8, 4], "texture": "#2"},
				"west": {"uv": [4, 2, 6, 4], "texture": "#2"},
				"up": {"uv": [2, 2, 4, 0], "texture": "#2"},
				"down": {"uv": [4, 0, 6, 2], "texture": "#2"}
			}
		},
		{
			"from": [-7.3, -1.3, 3.7],
			"to": [-2.7, 11.3, 8.3],
			"rotation": {"angle": 22.5, "axis": "x", "origin": [-7, 11, 6]},
			"faces": {
				"north": {"uv": [1, 9, 2, 12], "texture": "#2"},
				"east": {"uv": [0, 9, 1, 12], "texture": "#2"},
				"south": {"uv": [3, 9, 4, 12], "texture": "#2"},
				"west": {"uv": [2, 9, 3, 12], "texture": "#2"},
				"up": {"uv": [1, 9, 2, 8], "texture": "#2"},
				"down": {"uv": [2, 8, 3, 9], "texture": "#2"}
			}
		},
		{
			"from": [-11.3, -1.3, 3.7],
			"to": [-6.7, 11.3, 8.3],
			"rotation": {"angle": -22.5, "axis": "x", "origin": [-7, 11, 7]},
			"faces": {
				"north": {"uv": [1, 13, 2, 16], "texture": "#2"},
				"east": {"uv": [0, 13, 1, 16], "texture": "#2"},
				"south": {"uv": [3, 13, 4, 16], "texture": "#2"},
				"west": {"uv": [2, 13, 3, 16], "texture": "#2"},
				"up": {"uv": [1, 13, 2, 12], "texture": "#2"},
				"down": {"uv": [2, 12, 3, 13], "texture": "#2"}
			}
		},
		{
			"from": [-11.3, 10.7, 3.7],
			"to": [-2.7, 23.3, 8.3],
			"faces": {
				"north": {"uv": [5, 9, 7, 12], "texture": "#2"},
				"east": {"uv": [4, 9, 5, 12], "texture": "#2"},
				"south": {"uv": [8, 9, 10, 12], "texture": "#2"},
				"west": {"uv": [7, 9, 8, 12], "texture": "#2"},
				"up": {"uv": [5, 9, 7, 8], "texture": "#2"},
				"down": {"uv": [7, 8, 9, 9], "texture": "#2"}
			}
		},
		{
			"from": [-14.3, 10.7, 3.7],
			"to": [-10.7, 23.3, 8.3],
			"rotation": {"angle": 22.5, "axis": "x", "origin": [-11, 21, 6]},
			"faces": {
				"north": {"uv": [13, 13, 13.75, 16], "texture": "#2"},
				"east": {"uv": [12, 13, 13, 16], "texture": "#2"},
				"south": {"uv": [14.75, 13, 15.5, 16], "texture": "#2"},
				"west": {"uv": [13.75, 13, 14.75, 16], "texture": "#2"},
				"up": {"uv": [13, 13, 13.75, 12], "texture": "#2"},
				"down": {"uv": [13.75, 12, 14.5, 13], "texture": "#2"}
			}
		},
		{
			"from": [-3.3, 10.7, 3.7],
			"to": [0.3, 23.3, 8.3],
			"rotation": {"angle": -22.5, "axis": "x", "origin": [-3, 21, 6]},
			"faces": {
				"north": {"uv": [11, 9, 11.75, 12], "texture": "#2"},
				"east": {"uv": [10, 9, 11, 12], "texture": "#2"},
				"south": {"uv": [12.75, 9, 13.5, 12], "texture": "#2"},
				"west": {"uv": [11.75, 9, 12.75, 12], "texture": "#2"},
				"up": {"uv": [11, 9, 11.75, 8], "texture": "#2"},
				"down": {"uv": [11.75, 8, 12.5, 9], "texture": "#2"}
			}
		},
		{
			"from": [-11.3, 22.7, 1.7],
			"to": [-2.7, 31.3, 10.3],
			"rotation": {"angle": 22.5, "axis": "y", "origin": [-7, 23, 6]},
			"faces": {
				"north": {"uv": [10, 2, 12, 4], "texture": "#2"},
				"east": {"uv": [8, 2, 10, 4], "texture": "#2"},
				"south": {"uv": [14, 2, 16, 4], "texture": "#2"},
				"west": {"uv": [12, 2, 14, 4], "texture": "#2"},
				"up": {"uv": [10, 2, 12, 0], "texture": "#2"},
				"down": {"uv": [12, 0, 14, 2], "texture": "#2"}
			}
		},
		{
			"from": [18, -1, 4.9],
			"to": [22, 11, 8.9],
			"rotation": {"angle": -22.5, "axis": "x", "origin": [20, 11, 7]},
			"faces": {
				"north": {"uv": [1, 5, 2, 8], "texture": "#1"},
				"east": {"uv": [0, 5, 1, 8], "texture": "#1"},
				"south": {"uv": [3, 5, 4, 8], "texture": "#1"},
				"west": {"uv": [2, 5, 3, 8], "texture": "#1"},
				"up": {"uv": [1, 5, 2, 4], "texture": "#1"},
				"down": {"uv": [2, 4, 3, 5], "texture": "#1"}
			}
		},
		{
			"from": [16, -1, 5],
			"to": [20, 11, 9],
			"rotation": {"angle": -22.5, "axis": "z", "origin": [20, 16, 7]},
			"faces": {
				"north": {"uv": [5, 13, 6, 16], "texture": "#1"},
				"east": {"uv": [4, 13, 5, 16], "texture": "#1"},
				"south": {"uv": [7, 13, 8, 16], "texture": "#1"},
				"west": {"uv": [6, 13, 7, 16], "texture": "#1"},
				"up": {"uv": [5, 13, 6, 12], "texture": "#1"},
				"down": {"uv": [6, 12, 7, 13], "texture": "#1"}
			}
		},
		{
			"from": [16, 11, 5],
			"to": [24, 23, 9],
			"rotation": {"angle": -22.5, "axis": "z", "origin": [20, 16, 7]},
			"faces": {
				"north": {"uv": [5, 5, 7, 8], "texture": "#1"},
				"east": {"uv": [4, 5, 5, 8], "texture": "#1"},
				"south": {"uv": [8, 5, 10, 8], "texture": "#1"},
				"west": {"uv": [7, 5, 8, 8], "texture": "#1"},
				"up": {"uv": [5, 5, 7, 4], "texture": "#1"},
				"down": {"uv": [7, 4, 9, 5], "texture": "#1"}
			}
		},
		{
			"from": [11, 9.5, 5.1],
			"to": [15, 21.5, 9.1],
			"rotation": {"angle": -45, "axis": "z", "origin": [20, 16, 7]},
			"faces": {
				"north": {"uv": [9, 13, 10, 16], "texture": "#1"},
				"east": {"uv": [8, 13, 9, 16], "texture": "#1"},
				"south": {"uv": [11, 13, 12, 16], "texture": "#1"},
				"west": {"uv": [10, 13, 11, 16], "texture": "#1"},
				"up": {"uv": [9, 13, 10, 12], "texture": "#1"},
				"down": {"uv": [10, 12, 11, 13], "texture": "#1"}
			}
		},
		{
			"from": [25.5, 17.2, 4.9],
			"to": [29.5, 29.2, 8.9],
			"rotation": {"angle": -45, "axis": "z", "origin": [25, 20, 7]},
			"faces": {
				"north": {"uv": [13, 5, 14, 8], "rotation": 180, "texture": "#1"},
				"east": {"uv": [10, 5, 11, 8], "rotation": 180, "texture": "#1"},
				"south": {"uv": [11, 5, 12, 8], "rotation": 180, "texture": "#1"},
				"west": {"uv": [12, 5, 13, 8], "rotation": 180, "texture": "#1"},
				"up": {"uv": [12, 4, 13, 5], "texture": "#1"},
				"down": {"uv": [11, 5, 12, 4], "texture": "#1"}
			}
		},
		{
			"from": [16, 23, 3],
			"to": [24, 31, 11],
			"rotation": {"angle": -22.5, "axis": "z", "origin": [20, 16, 7]},
			"faces": {
				"north": {"uv": [2, 2, 4, 4], "texture": "#1"},
				"east": {"uv": [0, 2, 2, 4], "texture": "#1"},
				"south": {"uv": [6, 2, 8, 4], "texture": "#1"},
				"west": {"uv": [4, 2, 6, 4], "texture": "#1"},
				"up": {"uv": [2, 2, 4, 0], "texture": "#1"},
				"down": {"uv": [4, 0, 6, 2], "texture": "#1"}
			}
		},
		{
			"from": [17.7, -1.3, 4.6],
			"to": [22.3, 11.3, 9.2],
			"rotation": {"angle": -22.5, "axis": "x", "origin": [20, 11, 7]},
			"faces": {
				"north": {"uv": [1, 9, 2, 12], "texture": "#1"},
				"east": {"uv": [0, 9, 1, 12], "texture": "#1"},
				"south": {"uv": [3, 9, 4, 12], "texture": "#1"},
				"west": {"uv": [2, 9, 3, 12], "texture": "#1"},
				"up": {"uv": [1, 9, 2, 8], "texture": "#1"},
				"down": {"uv": [2, 8, 3, 9], "texture": "#1"}
			}
		},
		{
			"from": [15.7, -1.3, 4.7],
			"to": [20.3, 11.3, 9.3],
			"rotation": {"angle": -22.5, "axis": "z", "origin": [20, 16, 7]},
			"faces": {
				"north": {"uv": [1, 13, 2, 16], "texture": "#1"},
				"east": {"uv": [0, 13, 1, 16], "texture": "#1"},
				"south": {"uv": [3, 13, 4, 16], "texture": "#1"},
				"west": {"uv": [2, 13, 3, 16], "texture": "#1"},
				"up": {"uv": [1, 13, 2, 12], "texture": "#1"},
				"down": {"uv": [2, 12, 3, 13], "texture": "#1"}
			}
		},
		{
			"from": [15.7, 10.7, 4.7],
			"to": [24.3, 23.3, 9.3],
			"rotation": {"angle": -22.5, "axis": "z", "origin": [20, 16, 7]},
			"faces": {
				"north": {"uv": [5, 9, 7, 12], "texture": "#1"},
				"east": {"uv": [4, 9, 5, 12], "texture": "#1"},
				"south": {"uv": [8, 9, 10, 12], "texture": "#1"},
				"west": {"uv": [7, 9, 8, 12], "texture": "#1"},
				"up": {"uv": [5, 9, 7, 8], "texture": "#1"},
				"down": {"uv": [7, 8, 9, 9], "texture": "#1"}
			}
		},
		{
			"from": [10.7, 9.2, 4.8],
			"to": [15.3, 21.8, 9.4],
			"rotation": {"angle": -45, "axis": "z", "origin": [20, 16, 7]},
			"faces": {
				"north": {"uv": [13, 13, 14, 16], "texture": "#1"},
				"east": {"uv": [12, 13, 13, 16], "texture": "#1"},
				"south": {"uv": [15, 13, 16, 16], "texture": "#1"},
				"west": {"uv": [14, 13, 15, 16], "texture": "#1"},
				"up": {"uv": [13, 13, 14, 12], "texture": "#1"},
				"down": {"uv": [14, 12, 15, 13], "texture": "#1"}
			}
		},
		{
			"from": [25.2, 16.9, 4.6],
			"to": [29.8, 29.5, 9.2],
			"rotation": {"angle": -45, "axis": "z", "origin": [25, 20, 7]},
			"faces": {
				"north": {"uv": [13, 9, 14, 12], "rotation": 180, "texture": "#1"},
				"east": {"uv": [10, 9, 11, 12], "rotation": 180, "texture": "#1"},
				"south": {"uv": [11, 9, 12, 12], "rotation": 180, "texture": "#1"},
				"west": {"uv": [12, 9, 13, 12], "rotation": 180, "texture": "#1"},
				"up": {"uv": [12, 8, 13, 9], "texture": "#1"},
				"down": {"uv": [11, 9, 12, 8], "texture": "#1"}
			}
		},
		{
			"from": [15.7, 22.7, 2.7],
			"to": [24.3, 31.3, 11.3],
			"rotation": {"angle": -22.5, "axis": "z", "origin": [20, 16, 7]},
			"faces": {
				"north": {"uv": [10, 2, 12, 4], "texture": "#1"},
				"east": {"uv": [8, 2, 10, 4], "texture": "#1"},
				"south": {"uv": [14, 2, 16, 4], "texture": "#1"},
				"west": {"uv": [12, 2, 14, 4], "texture": "#1"},
				"up": {"uv": [10, 2, 12, 0], "texture": "#1"},
				"down": {"uv": [12, 0, 14, 2], "texture": "#1"}
			}
		}
	],
	"groups": [
		{
			"name": "dominexis",
			"origin": [8, 8, 8],
			"color": 0,
			"nbt": "{}",
			"armAnimationEnabled": false,
			"children": [0, 1, 2, 3, 4, 5, 6, 7, 8, 9, 10, 11]
		},
		{
			"name": "wacky",
			"origin": [8, 8, 8],
			"color": 0,
			"nbt": "{}",
			"armAnimationEnabled": false,
			"children": [12, 13, 14, 15, 16, 17, 18, 19, 20, 21, 22, 23]
		},
		{
			"name": "urgle",
			"origin": [8, 8, 8],
			"color": 0,
			"nbt": "{}",
			"armAnimationEnabled": false,
			"children": [24, 25, 26, 27, 28, 29, 30, 31, 32, 33, 34, 35]
		}
	]
}