{
	"credit": "Made with Blockbench",
	"ambientocclusion": false,
	"textures": {
		"0": "block/tall_grass_leaves1",
		"1": "block/grass_compiled",
		"3": "block/tall_grass_leaves3",
		"4": "block/tall_grass_leaves4",
		"5": "block/grass_flowers",
		"particle": "block/tall_grass_leaves1"
	},
	"elements": [
		{
			"from": [1, 2.25573, 1.55967],
			"to": [14, 10.25573, 1.55967],
			"rotation": {"angle": -22.5, "axis": "x", "origin": [8, 6.50522, 8.2]},
			"faces": {
				"north": {"uv": [0, 8, 13, 16], "texture": "#0", "tintindex": 0},
				"south": {"uv": [13, 8, 0, 16], "texture": "#0", "tintindex": 0}
			}
		},
		{
			"from": [1, 7.42948, 0.6298],
			"to": [14, 15.42948, 0.6298],
			"rotation": {"angle": 0, "axis": "x", "origin": [8, 11.67896, 7.27013]},
			"faces": {
				"north": {"uv": [0, 0, 13, 8], "texture": "#0", "tintindex": 0},
				"south": {"uv": [13, 0, 0, 8], "texture": "#0", "tintindex": 0}
			}
		},
		{
			"from": [3.1, 0, -1.2],
			"to": [13.1, 7, -1.2],
			"rotation": {"angle": -45, "axis": "y", "origin": [8, 4, 8]},
			"faces": {
				"north": {"uv": [0, 0, 10, 7], "texture": "#1", "tintindex": 0},
				"south": {"uv": [10, 0, 0, 7], "texture": "#1", "tintindex": 0}
			}
		},
		{
			"from": [0, 5, 8],
			"to": [16, 18, 8],
			"rotation": {"angle": -45, "axis": "y", "origin": [8, 11.5, 8]},
			"faces": {
				"north": {"uv": [0, 0, 16, 13], "texture": "#4", "tintindex": 0},
				"south": {"uv": [16, 0, 0, 13], "texture": "#4", "tintindex": 0}
			}
		},
		{
			"from": [8, 5, 0],
			"to": [8, 18, 16],
			"rotation": {"angle": -45, "axis": "y", "origin": [8, 11.5, 8]},
			"faces": {
				"east": {"uv": [0, 0, 16, 13], "texture": "#4", "tintindex": 0},
				"west": {"uv": [16, 0, 0, 13], "texture": "#4", "tintindex": 0}
			}
		},
		{
			"from": [2.9, 0, 17.2],
			"to": [12.9, 7, 17.2],
			"rotation": {"angle": -45, "axis": "y", "origin": [8, 4, 8]},
			"faces": {
				"north": {"uv": [10, 0, 0, 7], "texture": "#1", "tintindex": 0},
				"south": {"uv": [0, 0, 10, 7], "texture": "#1", "tintindex": 0}
			}
		},
		{
			"from": [17.2, 0, 3.1],
			"to": [17.2, 7, 13.1],
			"rotation": {"angle": -45, "axis": "y", "origin": [8, 4, 8]},
			"faces": {
				"east": {"uv": [0, 9, 10, 16], "texture": "#1", "tintindex": 0},
				"west": {"uv": [10, 9, 0, 16], "texture": "#1", "tintindex": 0}
			}
		},
		{
			"from": [-1.2, 0, 2.9],
			"to": [-1.2, 7, 12.9],
			"rotation": {"angle": -45, "axis": "y", "origin": [8, 4, 8]},
			"faces": {
				"east": {"uv": [10, 9, 0, 16], "texture": "#1", "tintindex": 0},
				"west": {"uv": [0, 9, 10, 16], "texture": "#1", "tintindex": 0}
			}
		},
		{
			"from": [2, 7.42948, 15.3702],
			"to": [15, 15.42948, 15.3702],
			"rotation": {"angle": 0, "axis": "x", "origin": [8, 11.67896, 8.72987]},
			"faces": {
				"north": {"uv": [13, 0, 0, 8], "texture": "#0", "tintindex": 0},
				"south": {"uv": [0, 0, 13, 8], "texture": "#0", "tintindex": 0}
			}
		},
		{
			"from": [2, 2.25573, 14.44033],
			"to": [15, 10.25573, 14.44033],
			"rotation": {"angle": 22.5, "axis": "x", "origin": [8, 6.50522, 7.8]},
			"faces": {
				"north": {"uv": [13, 8, 0, 16], "texture": "#0", "tintindex": 0},
				"south": {"uv": [0, 8, 13, 16], "texture": "#0", "tintindex": 0}
			}
		},
		{
			"from": [0.6298, 7.42948, 2],
			"to": [0.6298, 15.42948, 15],
			"rotation": {"angle": 0, "axis": "x", "origin": [7.27013, 11.67896, 8]},
			"faces": {
				"east": {"uv": [13, 0, 0, 8], "texture": "#0", "tintindex": 0},
				"west": {"uv": [0, 0, 13, 8], "texture": "#0", "tintindex": 0}
			}
		},
		{
			"from": [1.55967, 2.25573, 2],
			"to": [1.55967, 10.25573, 15],
			"rotation": {"angle": 22.5, "axis": "z", "origin": [8.2, 6.50522, 8]},
			"faces": {
				"east": {"uv": [13, 8, 0, 16], "texture": "#0", "tintindex": 0},
				"west": {"uv": [0, 8, 13, 16], "texture": "#0", "tintindex": 0}
			}
		},
		{
			"from": [15.3702, 7.42948, 1],
			"to": [15.3702, 15.42948, 14],
			"rotation": {"angle": 0, "axis": "x", "origin": [8.72987, 11.67896, 8]},
			"faces": {
				"east": {"uv": [0, 0, 13, 8], "texture": "#0", "tintindex": 0},
				"west": {"uv": [13, 0, 0, 8], "texture": "#0", "tintindex": 0}
			}
		},
		{
			"from": [-0.2076, 3.31929, 0.5],
			"to": [7.7924, 3.31929, 15.5],
			"rotation": {"angle": -45, "axis": "z", "origin": [9.24292, 5.67896, 8.5]},
			"faces": {
				"up": {"uv": [0, 0, 13, 8], "rotation": 270, "texture": "#3", "tintindex": 0},
				"down": {"uv": [13, 0, 0, 8], "rotation": 270, "texture": "#0", "tintindex": 0}
			}
		},
		{
			"from": [8.2076, 3.32022, 0.5],
			"to": [16.2076, 3.32022, 15.5],
			"rotation": {"angle": 45, "axis": "z", "origin": [6.75708, 5.67989, 8.5]},
			"faces": {
				"up": {"uv": [13, 8, 0, 0], "rotation": 270, "texture": "#3", "tintindex": 0},
				"down": {"uv": [13, 8, 0, 0], "rotation": 270, "texture": "#0", "tintindex": 0}
			}
		},
		{
			"from": [0.5, 8.58474, 8.69571],
			"to": [15.5, 8.58474, 16.69571],
			"rotation": {"angle": -45, "axis": "x", "origin": [8, 8.58474, 12.69571]},
			"faces": {
				"up": {"uv": [13, 16, 0, 8], "texture": "#3", "tintindex": 0},
				"down": {"uv": [0, 8, 13, 0], "rotation": 180, "texture": "#0", "tintindex": 0}
			}
		},
		{
			"from": [0.5, 8.58474, -0.69571],
			"to": [15.5, 8.58474, 7.30429],
			"rotation": {"angle": 45, "axis": "x", "origin": [8, 8.58474, 3.30429]},
			"faces": {
				"up": {"uv": [0, 8, 13, 16], "texture": "#3", "tintindex": 0},
				"down": {"uv": [13, 0, 0, 8], "rotation": 180, "texture": "#0", "tintindex": 0}
			}
		},
		{
			"from": [14.44033, 2.25573, 1],
			"to": [14.44033, 10.25573, 14],
			"rotation": {"angle": -22.5, "axis": "z", "origin": [7.8, 6.50522, 8]},
			"faces": {
				"east": {"uv": [0, 8, 13, 16], "texture": "#0", "tintindex": 0},
				"west": {"uv": [13, 8, 0, 16], "texture": "#0", "tintindex": 0}
			}
		},
		{
			"from": [0.3, 7, 0],
			"to": [0.3, 13, 6],
			"shade": false,
			"rotation": {"angle": -22.5, "axis": "y", "origin": [0.3, 10, 3]},
			"faces": {
				"west": {"uv": [9, 0, 15, 6], "texture": "#5"}
			}
		},
		{
			"from": [16.5, 4.2, 2.7],
			"to": [16.5, 10.2, 8.7],
			"shade": false,
			"rotation": {"angle": 22.5, "axis": "z", "origin": [16.5, 7.2, 5.7]},
			"faces": {
				"east": {"uv": [4, 5, 10, 11], "texture": "#5"}
			}
		},
		{
			"from": [9.8, 5.7, 16.1],
			"to": [14.8, 10.7, 16.1],
			"shade": false,
			"rotation": {"angle": 22.5, "axis": "y", "origin": [12.8, 7.7, 16.1]},
			"faces": {
				"south": {"uv": [4, 0, 9, 5], "rotation": 270, "texture": "#5"}
			}
		}
	]
}