{
	"credit": "Made with Blockbench",
	"textures": {
		"0": "block/leaves_nulltint",
		"particle": "block/leaves_nulltint"
	},
	"elements": [
		{
			"from": [-1, 8, -1],
			"to": [17, 8, 11],
			"rotation": {"angle": 45, "axis": "z", "origin": [8, 8, 5]},
			"faces": {
				"up": {"uv": [16, 0, 0, 12], "texture": "#0"},
				"down": {"uv": [16, 12, 0, 0], "texture": "#0"}
			}
		},
		{
			"from": [-1, 8, -1],
			"to": [17, 8, 11],
			"rotation": {"angle": -45, "axis": "z", "origin": [8, 8, 5]},
			"faces": {
				"up": {"uv": [16, 0, 0, 12], "texture": "#0"},
				"down": {"uv": [16, 12, 0, 0], "texture": "#0"}
			}
		}
	]
}