{
	"credit": "Made with Blockbench",
	"ambientocclusion": false,
	"textures": {
		"0": "block/iron_bar_material",
		"particle": "block/iron_bar_material"
	},
	"elements": [
		{
			"from": [5.9875, 0, 5.9875],
			"to": [10.0125, 14, 10.0125],
			"rotation": {"angle": 0, "axis": "y", "origin": [6.9875, 0, 9.0125]},
			"faces": {
				"north": {"uv": [14, 3, 0, 7.025], "rotation": 90, "texture": "#0"},
				"east": {"uv": [14, 7, 0, 11.025], "rotation": 90, "texture": "#0"},
				"south": {"uv": [14, 3, 0, 7.025], "rotation": 90, "texture": "#0"},
				"west": {"uv": [14, 7, 0, 11.025], "rotation": 90, "texture": "#0"},
				"up": {"uv": [6, 4.025, 10.025, 0], "texture": "#0"},
				"down": {"uv": [7, 12.025, 11.025, 8], "texture": "#0"}
			}
		}
	]
}