{
	"credit": "Made with Blockbench",
	"texture_size": [64, 64],
	"textures": {
		"0": "block/large_rocks2",
		"particle": "block/large_rocks2"
	},
	"elements": [
		{
			"from": [1.3, 0, -1.7],
			"to": [19.3, 3, 10.3],
			"rotation": {"angle": -22.5, "axis": "y", "origin": [9, 1.5, 5]},
			"faces": {
				"north": {"uv": [3.5, 5.5, 8, 6.25], "texture": "#0"},
				"east": {"uv": [7, 2.5, 10, 3.25], "texture": "#0"},
				"south": {"uv": [3.5, 6.25, 8, 7], "texture": "#0"},
				"west": {"uv": [7, 3.25, 10, 4], "texture": "#0"},
				"up": {"uv": [4.5, 3, 0, 0], "texture": "#0"}
			}
		},
		{
			"from": [-3, 0, 4],
			"to": [11, 5, 18],
			"faces": {
				"north": {"uv": [3.5, 3, 7, 4.25], "texture": "#0"},
				"east": {"uv": [3.5, 4.25, 7, 5.5], "texture": "#0"},
				"south": {"uv": [4.5, 0, 8, 1.25], "texture": "#0"},
				"west": {"uv": [4.5, 1.25, 8, 2.5], "texture": "#0"},
				"up": {"uv": [3.5, 6.5, 0, 3], "texture": "#0"}
			}
		},
		{
			"from": [-1, 0, 20],
			"to": [8, 2, 26],
			"faces": {
				"north": {"uv": [4.5, 2.5, 6.75, 3], "texture": "#0"},
				"east": {"uv": [7, 4.5, 8.5, 5], "texture": "#0"},
				"south": {"uv": [7, 4, 9.25, 4.5], "texture": "#0"},
				"west": {"uv": [7, 5, 8.5, 5.5], "texture": "#0"},
				"up": {"uv": [2.25, 8, 0, 6.5], "texture": "#0"}
			}
		},
		{
			"from": [-5, 0, -6],
			"to": [0, 1, 1],
			"rotation": {"angle": -45, "axis": "y", "origin": [-3, 1, -1.5]},
			"faces": {
				"north": {"uv": [2.25, 6.5, 3.5, 6.75], "texture": "#0"},
				"east": {"uv": [0, 8, 1.75, 8.25], "texture": "#0"},
				"south": {"uv": [2.25, 6.75, 3.5, 7], "texture": "#0"},
				"west": {"uv": [8, 0, 9.75, 0.25], "texture": "#0"},
				"up": {"uv": [5.75, 8.75, 4.5, 7], "texture": "#0"}
			}
		},
		{
			"from": [11, 0, 9],
			"to": [14, 5, 18],
			"faces": {
				"north": {"uv": [6.5, 7, 7.25, 8.25], "texture": "#0"},
				"east": {"uv": [2.25, 7, 4.5, 8.25], "texture": "#0"},
				"south": {"uv": [7.25, 7, 8, 8.25], "texture": "#0"},
				"up": {"uv": [6.5, 9.25, 5.75, 7], "texture": "#0"}
			}
		}
	]
}