{
	"credit": "Made with Blockbench",
	"texture_size": [32, 32],
	"textures": {
		"1": "block/lightstone_tiles4",
		"particle": "block/lightstone_tiles4"
	},
	"elements": [
		{
			"from": [0, -0.025, -1],
			"to": [7, 0.975, 7],
			"rotation": {"angle": 0, "axis": "y", "origin": [0, -0.025, 0]},
			"faces": {
				"north": {"uv": [7, 7, 10.5, 7.5], "texture": "#1"},
				"east": {"uv": [7, 6, 11, 6.5], "texture": "#1"},
				"south": {"uv": [2, 7.5, 5.5, 8], "texture": "#1"},
				"west": {"uv": [7, 6.5, 11, 7], "texture": "#1"},
				"up": {"uv": [8, 4, 4.5, 0], "texture": "#1"}
			}
		},
		{
			"from": [-2, -0.025, 3],
			"to": [0, 0.975, 7],
			"rotation": {"angle": 0, "axis": "y", "origin": [-6, -0.025, 0]},
			"faces": {
				"north": {"uv": [8, 1, 9, 1.5], "texture": "#1"},
				"south": {"uv": [8, 1.5, 9, 2], "texture": "#1"},
				"west": {"uv": [8, 0.5, 10, 1], "texture": "#1"},
				"up": {"uv": [2, 8.5, 1, 6.5], "texture": "#1"}
			}
		},
		{
			"from": [9, -0.025, 3],
			"to": [18, 0.975, 16],
			"rotation": {"angle": 0, "axis": "y", "origin": [5, -0.025, 0]},
			"faces": {
				"north": {"uv": [7, 5, 11.5, 5.5], "texture": "#1"},
				"east": {"uv": [7, 4, 13.5, 4.5], "texture": "#1"},
				"south": {"uv": [7, 5.5, 11.5, 6], "texture": "#1"},
				"west": {"uv": [7, 4.5, 13.5, 5], "texture": "#1"},
				"up": {"uv": [4.5, 6.5, 0, 0], "texture": "#1"}
			}
		},
		{
			"from": [7, -0.025, 9],
			"to": [9, 0.975, 16],
			"rotation": {"angle": 0, "axis": "y", "origin": [-4, -0.025, 0]},
			"faces": {
				"north": {"uv": [2, 8, 3, 8.5], "texture": "#1"},
				"south": {"uv": [8, 2, 9, 2.5], "texture": "#1"},
				"west": {"uv": [5.5, 7.5, 9, 8], "texture": "#1"},
				"up": {"uv": [1, 10, 0, 6.5], "texture": "#1"}
			}
		},
		{
			"from": [18, -0.025, 6],
			"to": [23, 0.975, 13],
			"rotation": {"angle": 0, "axis": "y", "origin": [7, -0.025, -3]},
			"faces": {
				"north": {"uv": [2, 6.5, 4.5, 7], "texture": "#1"},
				"east": {"uv": [8, 0, 11.5, 0.5], "texture": "#1"},
				"south": {"uv": [2, 7, 4.5, 7.5], "texture": "#1"},
				"up": {"uv": [7, 7.5, 4.5, 4], "texture": "#1"}
			}
		}
	]
}