{
	"credit": "Made with Blockbench",
	"textures": {
		"0": "font/required/logo",
		"1": "font/required/logo_backdrop",
		"particle": "font/required/logo"
	},
	"elements": [
		{
			"name": "logo_shadow",
			"from": [-8, 1.675, -11.5],
			"to": [32, 2.675, 29.75],
			"shade": false,
			"rotation": {"angle": 0, "axis": "y", "origin": [157.125, 0.5, 8], "rescale": true},
			"faces": {
				"up": {"uv": [15.5, 5, 10.5, 0], "texture": "#0"}
			}
		},
		{
			"name": "logo_shadow",
			"from": [-16, 1.675, -11.5],
			"to": [24, 2.675, 29.75],
			"shade": false,
			"rotation": {"angle": 0, "axis": "y", "origin": [-142.95, 0.5, 8], "rescale": true},
			"faces": {
				"up": {"uv": [5.5, 5, 0.5, 0], "texture": "#0"}
			}
		},
		{
			"name": "logo_shadow",
			"from": [-12, 1.675, -11.5],
			"to": [28, 2.675, 29.75],
			"shade": false,
			"rotation": {"angle": 0, "axis": "y", "origin": [7.15, 0.5, 8], "rescale": true},
			"faces": {
				"up": {"uv": [10.5, 5, 5.5, 0], "texture": "#0"}
			}
		},
		{
			"name": "logo_shadow",
			"from": [-12, -0.925, -12.25],
			"to": [28, 0.075, 29],
			"rotation": {"angle": 0, "axis": "y", "origin": [7.15, 0.5, 8], "rescale": true},
			"faces": {
				"up": {"uv": [10.5, 5, 5.5, 0], "texture": "#1"}
			}
		},
		{
			"name": "logo_shadow",
			"from": [-8.10516, -0.925, -12.25],
			"to": [31.89484, 0.075, 29],
			"rotation": {"angle": 0, "axis": "y", "origin": [157.01984, -0.1, 8], "rescale": true},
			"faces": {
				"up": {"uv": [15.5, 5, 10.5, 0], "texture": "#1"}
			}
		},
		{
			"name": "logo_shadow",
			"from": [-15.94662, -0.925, -12.25],
			"to": [24.05338, 0.075, 29],
			"rotation": {"angle": 0, "axis": "y", "origin": [-142.89662, -0.1, 8], "rescale": true},
			"faces": {
				"up": {"uv": [5.5, 5, 0.5, 0], "texture": "#1"}
			}
		}
	]
}