{
	"credit": "Made with Blockbench",
	"textures": {
		"0": "font/required/logo",
		"particle": "font/required/logo"
	},
	"elements": [
		{
			"name": "logo_0",
			"from": [-13.12, 12.56, 14.04],
			"to": [29.12, 29.27, 15.48],
			"rotation": {"angle": 0, "axis": "y", "origin": [8, 13.68, 14.76], "rescale": true},
			"faces": {
				"north": {"uv": [13.5, 3.375, 2.5, 0], "rotation": 180, "texture": "#0"},
				"east": {"uv": [2.625, 0, 2.5, 3.375], "texture": "#0"},
				"south": {"uv": [13.5, 0, 2.5, 3.375], "texture": "#0"},
				"west": {"uv": [13.5, 0, 13.375, 3.375], "texture": "#0"},
				"up": {"uv": [2.5, 0, 13.5, 0.125], "rotation": 180, "texture": "#0"},
				"down": {"uv": [13.5, 3.25, 2.5, 3.375], "texture": "#0"}
			}
		},
		{
			"name": "logo_1",
			"from": [29.12, 13.04, 14.04],
			"to": [32, 28.79, 15.48],
			"rotation": {"angle": 0, "axis": "y", "origin": [8, 13.68, 14.76], "rescale": true},
			"faces": {
				"north": {"uv": [2.5, 3.25, 1.75, 0.125], "rotation": 180, "texture": "#0"},
				"east": {"uv": [1.875, 0.125, 1.75, 3.25], "texture": "#0"},
				"south": {"uv": [2.5, 0.125, 1.75, 3.25], "texture": "#0"},
				"west": {"uv": [2.5, 0.125, 2.375, 3.25], "texture": "#0"},
				"up": {"uv": [1.75, 0.125, 2.5, 0.25], "rotation": 180, "texture": "#0"},
				"down": {"uv": [2.5, 3.125, 1.75, 3.25], "texture": "#0"}
			}
		},
		{
			"name": "logo_2",
			"from": [-16, 13.04, 14.04],
			"to": [-13.12, 28.79, 15.48],
			"rotation": {"angle": 0, "axis": "y", "origin": [8, 13.68, 14.76], "rescale": true},
			"faces": {
				"north": {"uv": [14.25, 3.25, 13.5, 0.125], "rotation": 180, "texture": "#0"},
				"east": {"uv": [13.625, 0.125, 13.5, 3.25], "texture": "#0"},
				"south": {"uv": [14.25, 0.125, 13.5, 3.25], "texture": "#0"},
				"west": {"uv": [14.25, 0.125, 14.125, 3.25], "texture": "#0"},
				"up": {"uv": [13.5, 0.125, 14.25, 0.25], "rotation": 180, "texture": "#0"},
				"down": {"uv": [14.25, 3.125, 13.5, 3.25], "texture": "#0"}
			}
		},
		{
			"name": "logo_3",
			"from": [29.12, 12.56, 14.04],
			"to": [30.08, 13.04, 15.48],
			"rotation": {"angle": 0, "axis": "y", "origin": [8, 13.68, 14.76], "rescale": true},
			"faces": {
				"north": {"uv": [2.5, 3.375, 2.25, 3.25], "rotation": 180, "texture": "#0"},
				"east": {"uv": [2.375, 3.25, 2.25, 3.375], "texture": "#0"},
				"south": {"uv": [2.5, 3.25, 2.25, 3.375], "texture": "#0"},
				"west": {"uv": [2.5, 3.25, 2.375, 3.375], "texture": "#0"},
				"up": {"uv": [2.25, 3.25, 2.5, 3.375], "rotation": 180, "texture": "#0"},
				"down": {"uv": [2.5, 3.25, 2.25, 3.375], "texture": "#0"}
			}
		},
		{
			"name": "logo_4",
			"from": [-14.08, 12.56, 14.04],
			"to": [-13.12, 13.04, 15.48],
			"rotation": {"angle": 0, "axis": "y", "origin": [8, 13.68, 14.76], "rescale": true},
			"faces": {
				"north": {"uv": [13.75, 3.375, 13.5, 3.25], "rotation": 180, "texture": "#0"},
				"east": {"uv": [13.625, 3.25, 13.5, 3.375], "texture": "#0"},
				"south": {"uv": [13.75, 3.25, 13.5, 3.375], "texture": "#0"},
				"west": {"uv": [13.75, 3.25, 13.625, 3.375], "texture": "#0"},
				"up": {"uv": [13.5, 3.25, 13.75, 3.375], "rotation": 180, "texture": "#0"},
				"down": {"uv": [13.75, 3.25, 13.5, 3.375], "texture": "#0"}
			}
		},
		{
			"name": "logo_5",
			"from": [-12.16, 11.33, 14.04],
			"to": [28.16, 12.56, 15.48],
			"rotation": {"angle": 0, "axis": "y", "origin": [8, 13.68, 14.76], "rescale": true},
			"faces": {
				"north": {"uv": [13.25, 3.5, 2.75, 3.375], "rotation": 180, "texture": "#0"},
				"east": {"uv": [2.875, 3.375, 2.75, 3.5], "texture": "#0"},
				"south": {"uv": [13.25, 3.375, 2.75, 3.5], "texture": "#0"},
				"west": {"uv": [13.25, 3.375, 13.125, 3.5], "texture": "#0"},
				"up": {"uv": [2.75, 3.375, 13.25, 3.5], "rotation": 180, "texture": "#0"},
				"down": {"uv": [13.25, 3.375, 2.75, 3.5], "texture": "#0"}
			}
		},
		{
			"name": "logo_6",
			"from": [-8.32, 9.14, 14.04],
			"to": [24.32, 11.33, 15.48],
			"rotation": {"angle": 0, "axis": "y", "origin": [8, 12.93, 14.76], "rescale": true},
			"faces": {
				"north": {"uv": [12.25, 3.875, 3.75, 3.5], "rotation": 180, "texture": "#0"},
				"east": {"uv": [3.875, 3.5, 3.75, 3.875], "texture": "#0"},
				"south": {"uv": [12.25, 3.5, 3.75, 3.875], "texture": "#0"},
				"west": {"uv": [12.25, 3.5, 12.125, 3.875], "texture": "#0"},
				"up": {"uv": [3.75, 3.5, 12.25, 3.625], "rotation": 180, "texture": "#0"},
				"down": {"uv": [12.25, 3.75, 3.75, 3.875], "texture": "#0"}
			}
		},
		{
			"name": "logo_7",
			"from": [-7.84, 5.99, 14.04],
			"to": [23.84, 9.14, 15.48],
			"rotation": {"angle": 0, "axis": "y", "origin": [8, 12.18, 14.76], "rescale": true},
			"faces": {
				"north": {"uv": [12.125, 4.5, 3.875, 3.875], "rotation": 180, "texture": "#0"},
				"east": {"uv": [4, 3.875, 3.875, 4.5], "texture": "#0"},
				"south": {"uv": [12.125, 3.875, 3.875, 4.5], "texture": "#0"},
				"west": {"uv": [12.125, 3.875, 12, 4.5], "texture": "#0"},
				"up": {"uv": [3.875, 3.875, 12.125, 4], "rotation": 180, "texture": "#0"},
				"down": {"uv": [12.125, 4.375, 3.875, 4.5], "texture": "#0"}
			}
		},
		{
			"name": "logo_8",
			"from": [-7.36, 3.32, 14.04],
			"to": [23.36, 5.99, 15.48],
			"rotation": {"angle": 0, "axis": "y", "origin": [8, 11.43, 14.76], "rescale": true},
			"faces": {
				"north": {"uv": [12, 5, 4, 4.5], "rotation": 180, "texture": "#0"},
				"east": {"uv": [4.125, 4.5, 4, 5], "texture": "#0"},
				"south": {"uv": [12, 4.5, 4, 5], "texture": "#0"},
				"west": {"uv": [12, 4.5, 11.875, 5], "texture": "#0"},
				"up": {"uv": [4, 4.5, 12, 4.625], "rotation": 180, "texture": "#0"},
				"down": {"uv": [12, 4.875, 4, 5], "texture": "#0"}
			}
		}
	],
	"groups": [
		{
			"name": "logo",
			"origin": [8, 8, 8],
			"color": 0,
			"children": [0, 1, 2, 3, 4, 5, 6, 7, 8]
		}
	]
}