{
	"credit": "Made with Blockbench",
	"texture_size": [32, 32],
	"textures": {
		"1": "block/orange_wall_frame",
		"particle": "block/orange_wall_frame"
	},
	"elements": [
		{
			"from": [12, 0, 14],
			"to": [16, 16, 16],
			"faces": {
				"north": {"uv": [3, 0, 5, 8], "texture": "#1"},
				"east": {"uv": [5, 0, 6, 8], "texture": "#1"},
				"west": {"uv": [6, 0, 7, 8], "texture": "#1"},
				"up": {"uv": [4, 9, 2, 8], "texture": "#1"},
				"down": {"uv": [10, 3, 8, 4], "texture": "#1"}
			}
		},
		{
			"from": [16, 0, 14],
			"to": [18, 16, 20],
			"faces": {
				"north": {"uv": [7, 0, 8, 8], "texture": "#1"},
				"east": {"uv": [0, 0, 3, 8], "texture": "#1"},
				"south": {"uv": [0, 8, 1, 16], "texture": "#1"},
				"up": {"uv": [9, 3, 8, 0], "texture": "#1"},
				"down": {"uv": [2, 8, 1, 11], "texture": "#1"}
			}
		}
	]
}