{
	"credit": "Made with Blockbench",
	"texture_size": [64, 64],
	"textures": {
		"1": "block/start_platform",
		"particle": "block/cobbled_deepslate"
	},
	"elements": [
		{
			"from": [0, 0, 0],
			"to": [16, 1, 16],
			"faces": {
				"up": {"uv": [4, 4, 0, 0], "texture": "#1"},
				"down": {"uv": [4, 4, 0, 8], "texture": "#1"}
			}
		},
		{
			"from": [-4, 0, -4],
			"to": [20, 3, 0],
			"faces": {
				"north": {"uv": [6.5, 0, 12.5, 0.75], "texture": "#1"},
				"east": {"uv": [2, 11, 3, 11.75], "texture": "#1"},
				"south": {"uv": [6.5, 0.75, 12.5, 1.5], "texture": "#1"},
				"west": {"uv": [8, 11, 9, 11.75], "texture": "#1"},
				"up": {"uv": [10, 3.5, 4, 2.5], "texture": "#1"},
				"down": {"uv": [10, 3.5, 4, 4.5], "texture": "#1"}
			}
		},
		{
			"from": [4, 0, -8],
			"to": [16, 2, -4],
			"faces": {
				"north": {"uv": [0, 10.5, 3, 11], "texture": "#1"},
				"east": {"uv": [11.25, 11.25, 12.25, 11.75], "texture": "#1"},
				"west": {"uv": [0, 11.5, 1, 12], "texture": "#1"},
				"up": {"uv": [11, 9.75, 8, 8.75], "texture": "#1"},
				"down": {"uv": [3, 9.5, 0, 10.5], "texture": "#1"}
			}
		},
		{
			"from": [0, 0, 20],
			"to": [8, 2, 24],
			"faces": {
				"east": {"uv": [1, 11.5, 2, 12], "texture": "#1"},
				"south": {"uv": [0, 11, 2, 11.5], "texture": "#1"},
				"west": {"uv": [2, 11.75, 3, 12.25], "texture": "#1"},
				"up": {"uv": [12, 3.75, 10, 2.75], "texture": "#1"},
				"down": {"uv": [12, 3.75, 10, 4.75], "texture": "#1"}
			}
		},
		{
			"from": [-4, 0, 16],
			"to": [20, 3, 20],
			"faces": {
				"north": {"uv": [6.5, 1.5, 12.5, 2.25], "texture": "#1"},
				"east": {"uv": [11, 8.75, 12, 9.5], "texture": "#1"},
				"south": {"uv": [4, 6.5, 10, 7.25], "texture": "#1"},
				"west": {"uv": [9, 11, 10, 11.75], "texture": "#1"},
				"up": {"uv": [10, 5.5, 4, 4.5], "texture": "#1"},
				"down": {"uv": [10, 5.5, 4, 6.5], "texture": "#1"}
			}
		},
		{
			"from": [3, 0, 3],
			"to": [13, 3, 13],
			"faces": {
				"north": {"uv": [10, 4.75, 12.5, 5.5], "texture": "#1"},
				"east": {"uv": [10, 5.5, 12.5, 6.25], "texture": "#1"},
				"south": {"uv": [10, 6.25, 12.5, 7], "texture": "#1"},
				"west": {"uv": [8, 10.25, 10.5, 11], "texture": "#1"},
				"up": {"uv": [6.5, 2.5, 4, 0], "texture": "#1"}
			}
		},
		{
			"from": [-4, 0, 0],
			"to": [0, 3, 16],
			"faces": {
				"east": {"uv": [0, 8, 4, 8.75], "texture": "#1"},
				"west": {"uv": [8, 7.25, 12, 8], "texture": "#1"},
				"up": {"uv": [5, 11.25, 4, 7.25], "texture": "#1"},
				"down": {"uv": [6, 7.25, 5, 11.25], "texture": "#1"}
			}
		},
		{
			"from": [0, 0, 0],
			"to": [2, 2, 16],
			"faces": {
				"east": {"uv": [8, 9.75, 12, 10.25], "texture": "#1"},
				"up": {"uv": [3.5, 13.5, 3, 9.5], "texture": "#1"}
			}
		},
		{
			"from": [14, 0, 0],
			"to": [16, 2, 16],
			"faces": {
				"west": {"uv": [10, 2.25, 14, 2.75], "texture": "#1"},
				"up": {"uv": [4, 13.5, 3.5, 9.5], "texture": "#1"}
			}
		},
		{
			"from": [9, 0, 14],
			"to": [14, 2, 16],
			"faces": {
				"north": {"uv": [4, 11.25, 5.25, 11.75], "texture": "#1"},
				"west": {"uv": [4, 11.75, 4.5, 12.25], "texture": "#1"},
				"up": {"uv": [6.5, 11.75, 5.25, 11.25], "texture": "#1"}
			}
		},
		{
			"from": [2, 0, 14],
			"to": [7, 2, 16],
			"faces": {
				"north": {"uv": [6.5, 11.25, 7.75, 11.75], "texture": "#1"},
				"east": {"uv": [4.5, 11.75, 5, 12.25], "texture": "#1"},
				"up": {"uv": [11.25, 11.75, 10, 11.25], "texture": "#1"}
			}
		},
		{
			"from": [2, 0, 0],
			"to": [14, 2, 2],
			"faces": {
				"south": {"uv": [10.5, 10.25, 13.5, 10.75], "texture": "#1"},
				"up": {"uv": [13.5, 11.25, 10.5, 10.75], "texture": "#1"}
			}
		},
		{
			"from": [16, 0, 0],
			"to": [20, 3, 16],
			"faces": {
				"east": {"uv": [8, 8, 12, 8.75], "texture": "#1"},
				"west": {"uv": [0, 8.75, 4, 9.5], "texture": "#1"},
				"up": {"uv": [7, 11.25, 6, 7.25], "texture": "#1"},
				"down": {"uv": [8, 7.25, 7, 11.25], "texture": "#1"}
			}
		}
	]
}