{
	"credit": "Made with Blockbench",
	"texture_size": [32, 32],
	"textures": {
		"0": "block/rocks3",
		"particle": "block/stone"
	},
	"elements": [
		{
			"from": [3, 0, 5],
			"to": [13, 3, 12],
			"rotation": {"angle": 22.5, "axis": "y", "origin": [8, 1.5, 8.5]},
			"faces": {
				"north": {"uv": [0, 3.5, 5, 5], "texture": "#0"},
				"east": {"uv": [5, 0, 8.5, 1.5], "texture": "#0"},
				"south": {"uv": [0, 5, 5, 6.5], "texture": "#0"},
				"west": {"uv": [5, 1.5, 8.5, 3], "texture": "#0"},
				"up": {"uv": [5, 3.5, 0, 0], "texture": "#0"}
			}
		}
	]
}