{
	"credit": "Made with Blockbench",
	"textures": {
		"1": "block/rocks1",
		"particle": "block/stone"
	},
	"elements": [
		{
			"from": [2, 0, 3],
			"to": [7, 2, 11],
			"rotation": {"angle": -22.5, "axis": "y", "origin": [4.5, 1, 7]},
			"faces": {
				"north": {"uv": [11, 3, 16, 5], "texture": "#1"},
				"east": {"uv": [6, 8, 14, 10], "texture": "#1"},
				"south": {"uv": [11, 5, 16, 7], "texture": "#1"},
				"west": {"uv": [6, 10, 14, 12], "texture": "#1"},
				"up": {"uv": [5, 8, 0, 0], "texture": "#1"}
			}
		},
		{
			"from": [9.2, 0, 7.6],
			"to": [15.2, 3, 12.6],
			"rotation": {"angle": 22.5, "axis": "y", "origin": [11.7, 1, 10.1]},
			"faces": {
				"north": {"uv": [5, 5, 11, 8], "texture": "#1"},
				"east": {"uv": [0, 11, 5, 14], "texture": "#1"},
				"south": {"uv": [0, 8, 6, 11], "texture": "#1"},
				"west": {"uv": [11, 0, 16, 3], "texture": "#1"},
				"up": {"uv": [11, 5, 5, 0], "texture": "#1"}
			}
		}
	]
}