{
	"credit": "Made with Blockbench",
	"texture_size": [32, 32],
	"textures": {
		"0": "block/rocks2",
		"particle": "block/stone"
	},
	"elements": [
		{
			"from": [2, 0, 8],
			"to": [9, 3, 15],
			"rotation": {"angle": 0, "axis": "y", "origin": [2, 0, 7]},
			"faces": {
				"north": {"uv": [3.5, 0, 7, 1.5], "texture": "#0"},
				"east": {"uv": [3.5, 1.5, 7, 3], "texture": "#0"},
				"south": {"uv": [3, 3.5, 6.5, 5], "texture": "#0"},
				"west": {"uv": [3, 5, 6.5, 6.5], "texture": "#0"},
				"up": {"uv": [3.5, 3.5, 0, 0], "texture": "#0"}
			}
		},
		{
			"from": [2, 0, 2],
			"to": [6, 2, 5],
			"rotation": {"angle": 45, "axis": "y", "origin": [4, 1, 3.5]},
			"faces": {
				"north": {"uv": [2, 6.5, 4, 7.5], "texture": "#0"},
				"east": {"uv": [6.5, 4, 8, 5], "texture": "#0"},
				"south": {"uv": [6.5, 3, 8.5, 4], "texture": "#0"},
				"west": {"uv": [6.5, 5, 8, 6], "texture": "#0"},
				"up": {"uv": [2, 7.5, 0, 6], "texture": "#0"}
			}
		},
		{
			"from": [8.6, 0, 2.5],
			"to": [14.6, 1, 7.5],
			"rotation": {"angle": -22.5, "axis": "y", "origin": [11.6, 0.5, 5.5]},
			"faces": {
				"north": {"uv": [3.5, 3, 6.5, 3.5], "texture": "#0"},
				"east": {"uv": [6.5, 6, 9, 6.5], "texture": "#0"},
				"south": {"uv": [4, 6.5, 7, 7], "texture": "#0"},
				"west": {"uv": [7, 0, 9.5, 0.5], "texture": "#0"},
				"up": {"uv": [3, 6, 0, 3.5], "texture": "#0"}
			}
		}
	]
}