{
	"credit": "Made with Blockbench",
	"textures": {
		"0": "block/dark_prismarine",
		"particle": "block/dark_prismarine"
	},
	"elements": [
		{
			"from": [0, 0, 0],
			"to": [16, 16, 8],
			"rotation": {"angle": 0, "axis": "y", "origin": [0, 0, 16]},
			"faces": {
				"north": {"uv": [16, 0, 0, 16], "texture": "#0"},
				"east": {"uv": [8, 0, 16, 16], "texture": "#0"},
				"south": {"uv": [16, 0, 0, 16], "texture": "#0"},
				"west": {"uv": [8, 0, 16, 16], "texture": "#0"},
				"up": {"uv": [8, 0, 0, 16], "rotation": 90, "texture": "#0"},
				"down": {"uv": [8, 0, 0, 16], "rotation": 90, "texture": "#0"}
			}
		}
	]
}