{
	"credit": "Made with Blockbench",
	"ambientocclusion": false,
	"texture_size": [32, 32],
	"textures": {
		"2": "block/skull_object",
		"particle": "block/skull_object"
	},
	"elements": [
		{
			"from": [3, 0, 2],
			"to": [13, 9, 11],
			"rotation": {"angle": -22.5, "axis": "x", "origin": [8, 4.5, 6.5]},
			"faces": {
				"north": {"uv": [0, 0, 5, 4.5], "texture": "#2"},
				"east": {"uv": [5, 9, 9.5, 13.5], "texture": "#2"},
				"south": {"uv": [0, 4.5, 5, 9], "texture": "#2"},
				"west": {"uv": [9.5, 9, 14, 13.5], "texture": "#2"},
				"up": {"uv": [10, 4.5, 5, 0], "texture": "#2"},
				"down": {"uv": [10, 4.5, 5, 9], "texture": "#2"}
			}
		},
		{
			"from": [2.75, 3.75, 1.75],
			"to": [13.25, 9.25, 11.25],
			"rotation": {"angle": -22.5, "axis": "x", "origin": [8, 4.5, 6.5]},
			"faces": {
				"north": {"uv": [10, 0, 15, 2.5], "texture": "#2"},
				"east": {"uv": [10, 5, 14.5, 7.5], "texture": "#2"},
				"south": {"uv": [10, 2.5, 15, 5], "texture": "#2"},
				"west": {"uv": [0, 13.5, 4.5, 16], "texture": "#2"},
				"up": {"uv": [5, 13.5, 0, 9], "texture": "#2"}
			}
		},
		{
			"from": [9, 3, 11],
			"to": [12, 6, 10],
			"rotation": {"angle": -22.5, "axis": "x", "origin": [8, 4.5, 6.5]},
			"faces": {
				"north": {"uv": [10, 7.5, 11.5, 9], "texture": "#2"},
				"east": {"uv": [14.5, 6, 15, 7.5], "texture": "#2"},
				"south": {"uv": [11.5, 7.5, 13, 9], "texture": "#2"},
				"west": {"uv": [7, 14.5, 7.5, 16], "texture": "#2"},
				"up": {"uv": [15.5, 13.5, 14, 13], "texture": "#2"},
				"down": {"uv": [9, 14.5, 7.5, 15], "texture": "#2"}
			}
		},
		{
			"from": [4, 3, 11],
			"to": [7, 6, 10],
			"rotation": {"angle": -22.5, "axis": "x", "origin": [8, 4.5, 6.5]},
			"faces": {
				"north": {"uv": [13, 7.5, 14.5, 9], "texture": "#2"},
				"east": {"uv": [14.5, 7.5, 15, 9], "texture": "#2"},
				"south": {"uv": [4.5, 13.5, 6, 15], "texture": "#2"},
				"west": {"uv": [9, 14.5, 9.5, 16], "texture": "#2"},
				"up": {"uv": [11, 15, 9.5, 14.5], "texture": "#2"},
				"down": {"uv": [12.5, 14.5, 11, 15], "texture": "#2"}
			}
		},
		{
			"from": [9, -2, 9],
			"to": [12, 0, 11],
			"rotation": {"angle": -22.5, "axis": "x", "origin": [8, 4.5, 6.5]},
			"faces": {
				"north": {"uv": [6, 13.5, 7.5, 14.5], "texture": "#2"},
				"east": {"uv": [14, 11, 15, 12], "texture": "#2"},
				"south": {"uv": [7.5, 13.5, 9, 14.5], "texture": "#2"},
				"west": {"uv": [14, 12, 15, 13], "texture": "#2"},
				"up": {"uv": [10.5, 14.5, 9, 13.5], "texture": "#2"},
				"down": {"uv": [12, 13.5, 10.5, 14.5], "texture": "#2"}
			}
		},
		{
			"from": [4, -2, 9],
			"to": [7, 0, 11],
			"rotation": {"angle": -22.5, "axis": "x", "origin": [8, 4.5, 6.5]},
			"faces": {
				"north": {"uv": [12, 13.5, 13.5, 14.5], "texture": "#2"},
				"east": {"uv": [14.5, 5, 15.5, 6], "texture": "#2"},
				"south": {"uv": [13.5, 13.5, 15, 14.5], "texture": "#2"},
				"west": {"uv": [6, 14.5, 7, 15.5], "texture": "#2"},
				"up": {"uv": [15.5, 10, 14, 9], "texture": "#2"},
				"down": {"uv": [15.5, 10, 14, 11], "texture": "#2"}
			}
		}
	]
}