{
	"credit": "Made with Blockbench",
	"texture_size": [32, 32],
	"textures": {
		"0": "block/deco_pots",
		"particle": "block/deco_pots"
	},
	"elements": [
		{
			"from": [2, 0, 1.6],
			"to": [7, 3, 6.6],
			"rotation": {"angle": 22.5, "axis": "y", "origin": [4.5, 3, 4.1]},
			"faces": {
				"north": {"uv": [9.5, 4.5, 12, 6], "texture": "#0"},
				"east": {"uv": [9.5, 7.5, 12, 9], "texture": "#0"},
				"south": {"uv": [8.5, 9.5, 11, 11], "texture": "#0"},
				"west": {"uv": [0, 10, 2.5, 11.5], "texture": "#0"}
			}
		},
		{
			"from": [1.5, 3, 1.1],
			"to": [7.5, 6, 7.1],
			"rotation": {"angle": 22.5, "axis": "y", "origin": [4.5, 3, 4.1]},
			"faces": {
				"north": {"uv": [9.5, 0, 12.5, 1.5], "texture": "#0"},
				"east": {"uv": [9.5, 1.5, 12.5, 3], "texture": "#0"},
				"south": {"uv": [9.5, 3, 12.5, 4.5], "texture": "#0"},
				"west": {"uv": [3.5, 9.5, 6.5, 11], "texture": "#0"},
				"up": {"uv": [6.5, 3, 3.5, 0], "texture": "#0"},
				"down": {"uv": [6.5, 3, 3.5, 6], "texture": "#0"}
			}
		},
		{
			"from": [2.5, 6, 2.1],
			"to": [6.5, 4, 6.1],
			"rotation": {"angle": 22.5, "axis": "y", "origin": [4.5, 7, 4.1]},
			"faces": {
				"north": {"uv": [11, 10, 13, 11], "texture": "#0"},
				"east": {"uv": [11, 11, 13, 12], "texture": "#0"},
				"south": {"uv": [0, 11.5, 2, 12.5], "texture": "#0"},
				"west": {"uv": [5, 11.5, 7, 12.5], "texture": "#0"},
				"up": {"uv": [8.5, 9.5, 6.5, 11.5], "texture": "#0"}
			}
		},
		{
			"from": [8, 0, 9],
			"to": [14, 4, 15],
			"rotation": {"angle": 0, "axis": "y", "origin": [8, 0, 10]},
			"faces": {
				"north": {"uv": [6, 6, 9, 8], "texture": "#0"},
				"east": {"uv": [6.5, 0, 9.5, 2], "texture": "#0"},
				"south": {"uv": [6.5, 2, 9.5, 4], "texture": "#0"},
				"west": {"uv": [6.5, 4, 9.5, 6], "texture": "#0"}
			}
		},
		{
			"from": [7.5, 4, 8.5],
			"to": [14.5, 7, 15.5],
			"rotation": {"angle": 0, "axis": "y", "origin": [7.5, 4, 9.5]},
			"faces": {
				"north": {"uv": [0, 7, 3.5, 8.5], "texture": "#0"},
				"east": {"uv": [6, 8, 9.5, 9.5], "texture": "#0"},
				"south": {"uv": [0, 8.5, 3.5, 10], "texture": "#0"},
				"west": {"uv": [9, 6, 12.5, 7.5], "texture": "#0"},
				"up": {"uv": [3.5, 3.5, 0, 0], "texture": "#0"},
				"down": {"uv": [3.5, 3.5, 0, 7], "texture": "#0"}
			}
		},
		{
			"from": [8.5, 7, 9.5],
			"to": [13.5, 5, 14.5],
			"rotation": {"angle": 0, "axis": "y", "origin": [7.5, 4, 9.5]},
			"faces": {
				"north": {"uv": [3.5, 8.5, 6, 9.5], "texture": "#0"},
				"east": {"uv": [2.5, 11, 5, 12], "texture": "#0"},
				"south": {"uv": [8.5, 11, 11, 12], "texture": "#0"},
				"west": {"uv": [11, 9, 13.5, 10], "texture": "#0"},
				"up": {"uv": [6, 8.5, 3.5, 6], "texture": "#0"}
			}
		}
	]
}