{
	"credit": "Made with Blockbench",
	"ambientocclusion": false,
	"texture_size": [64, 64],
	"textures": {
		"1": "block/stone_edge",
		"particle": "block/stone"
	},
	"elements": [
		{
			"from": [0, 0, 0],
			"to": [16, 2, 9],
			"rotation": {"angle": 0, "axis": "y", "origin": [8, -0.5, 7.25]},
			"faces": {
				"south": {"uv": [4, 4.5, 8, 5], "texture": "#1"},
				"west": {"uv": [5, 6, 7.25, 6.5], "texture": "#1"},
				"up": {"uv": [8, 2.25, 4, 0], "texture": "#1"}
			}
		},
		{
			"from": [0, -8, -2],
			"to": [16, 2, 0],
			"rotation": {"angle": 0, "axis": "y", "origin": [8, -0.5, 7.25]},
			"faces": {
				"north": {"uv": [0, 0, 4, 2.5], "texture": "#1"},
				"west": {"uv": [4, 6, 4.5, 8.5], "texture": "#1"},
				"up": {"uv": [4, 5.5, 0, 5], "texture": "#1"},
				"down": {"uv": [8, 5, 4, 5.5], "texture": "#1"}
			}
		},
		{
			"from": [16, -8, -2],
			"to": [32, 2, 0],
			"rotation": {"angle": 0, "axis": "y", "origin": [8, -0.5, 7.25]},
			"faces": {
				"north": {"uv": [0, 2.5, 4, 5], "texture": "#1"},
				"east": {"uv": [4.5, 6, 5, 8.5], "texture": "#1"},
				"up": {"uv": [8, 6, 4, 5.5], "texture": "#1"},
				"down": {"uv": [4, 6, 0, 6.5], "texture": "#1"}
			}
		},
		{
			"from": [16, 0, 0],
			"to": [32, 2, 9],
			"rotation": {"angle": 0, "axis": "y", "origin": [8, -0.5, 7.25]},
			"faces": {
				"east": {"uv": [0, 6.5, 2.25, 7], "texture": "#1"},
				"south": {"uv": [0, 5.5, 4, 6], "texture": "#1"},
				"up": {"uv": [8, 4.5, 4, 2.25], "texture": "#1"}
			}
		}
	],
	"display": {}
}