{
	"credit": "Made with Blockbench",
	"textures": {
		"0": "block/vines",
		"1": "block/vine_leaves",
		"particle": "block/vines"
	},
	"elements": [
		{
			"from": [0, 0, -0.5],
			"to": [16, 16, 0.5],
			"rotation": {"angle": 0, "axis": "y", "origin": [0, 0, -0.5]},
			"faces": {
				"north": {"uv": [16, 0, 0, 16], "texture": "#0"},
				"south": {"uv": [0, 0, 16, 16], "texture": "#0"}
			}
		},
		{
			"from": [8, 7.5, -0.2],
			"to": [13, 10.5, 0.8],
			"rotation": {"angle": -22.5, "axis": "x", "origin": [14, 9.5, 1.6]},
			"faces": {
				"south": {"uv": [0, 0, 5, 3], "texture": "#1"}
			}
		},
		{
			"from": [0, 4.5, -0.2],
			"to": [4, 7.5, 0.8],
			"rotation": {"angle": -22.5, "axis": "x", "origin": [6, 6.5, 1.6]},
			"faces": {
				"south": {"uv": [0, 3, 4, 6], "texture": "#1"}
			}
		},
		{
			"from": [1, 12.5, -0.2],
			"to": [7, 16.5, 0.8],
			"rotation": {"angle": -22.5, "axis": "x", "origin": [15, 15.5, 1.6]},
			"faces": {
				"south": {"uv": [10, 0, 16, 4], "texture": "#1"}
			}
		},
		{
			"from": [6, -0.5, -0.2],
			"to": [11, 3.5, 0.8],
			"rotation": {"angle": -22.5, "axis": "x", "origin": [12, 2.5, 1.6]},
			"faces": {
				"south": {"uv": [10, 0, 5, 4], "texture": "#1"}
			}
		}
	]
}